-- MySQL dump 10.13  Distrib 5.7.17, for macos10.12 (x86_64)
--
-- Host: 127.0.0.1    Database: db_kehadiran
-- ------------------------------------------------------
-- Server version	5.5.5-10.0.29-MariaDB-0ubuntu0.16.04.1

/*!40101 SET @OLD_CHARACTER_SET_CLIENT=@@CHARACTER_SET_CLIENT */;
/*!40101 SET @OLD_CHARACTER_SET_RESULTS=@@CHARACTER_SET_RESULTS */;
/*!40101 SET @OLD_COLLATION_CONNECTION=@@COLLATION_CONNECTION */;
/*!40101 SET NAMES utf8 */;
/*!40103 SET @OLD_TIME_ZONE=@@TIME_ZONE */;
/*!40103 SET TIME_ZONE='+00:00' */;
/*!40014 SET @OLD_UNIQUE_CHECKS=@@UNIQUE_CHECKS, UNIQUE_CHECKS=0 */;
/*!40014 SET @OLD_FOREIGN_KEY_CHECKS=@@FOREIGN_KEY_CHECKS, FOREIGN_KEY_CHECKS=0 */;
/*!40101 SET @OLD_SQL_MODE=@@SQL_MODE, SQL_MODE='NO_AUTO_VALUE_ON_ZERO' */;
/*!40111 SET @OLD_SQL_NOTES=@@SQL_NOTES, SQL_NOTES=0 */;

--
-- Table structure for table `divisi`
--

DROP TABLE IF EXISTS `divisi`;
/*!40101 SET @saved_cs_client     = @@character_set_client */;
/*!40101 SET character_set_client = utf8 */;
CREATE TABLE `divisi` (
  `id` int(6) NOT NULL,
  `nama_div` varchar(255) DEFAULT NULL,
  PRIMARY KEY (`id`)
) ENGINE=InnoDB DEFAULT CHARSET=utf8;
/*!40101 SET character_set_client = @saved_cs_client */;

--
-- Dumping data for table `divisi`
--

LOCK TABLES `divisi` WRITE;
/*!40000 ALTER TABLE `divisi` DISABLE KEYS */;
INSERT INTO `divisi` VALUES (1,'IP NET 1'),(2,'IP NET 2'),(3,'TELCO & SERVICE'),(5,'BRI LINK'),(6,'MBO'),(7,'SOFTWARE'),(100001,'admin');
/*!40000 ALTER TABLE `divisi` ENABLE KEYS */;
UNLOCK TABLES;

--
-- Table structure for table `karyawan`
--

DROP TABLE IF EXISTS `karyawan`;
/*!40101 SET @saved_cs_client     = @@character_set_client */;
/*!40101 SET character_set_client = utf8 */;
CREATE TABLE `karyawan` (
  `id` int(6) NOT NULL,
  `nama` varchar(255) DEFAULT NULL,
  `id_divisi_fk` int(6) DEFAULT NULL,
  `tgl_lahir` varchar(10) DEFAULT NULL,
  `enc_pass` varchar(128) DEFAULT NULL,
  PRIMARY KEY (`id`)
) ENGINE=InnoDB DEFAULT CHARSET=utf8;
/*!40101 SET character_set_client = @saved_cs_client */;

--
-- Dumping data for table `karyawan`
--

LOCK TABLES `karyawan` WRITE;
/*!40000 ALTER TABLE `karyawan` DISABLE KEYS */;
INSERT INTO `karyawan` VALUES (1,'EMANUEL CHRISTIAN KOKO P',1,'1953-12-24','b109f3bbbc244eb82441917ed06d618b9008dd09b3befd1b5e07394c706a8bb980b1d7785e5976ec049b46df5f1326af5a2ea6d103fd07c95385ffab0cacbc86'),(3,'ERIS MARYON',1,'1961-12-23','b109f3bbbc244eb82441917ed06d618b9008dd09b3befd1b5e07394c706a8bb980b1d7785e5976ec049b46df5f1326af5a2ea6d103fd07c95385ffab0cacbc86'),(4,'WAHYU NURFITRIANTO',1,'1955-12-26','b109f3bbbc244eb82441917ed06d618b9008dd09b3befd1b5e07394c706a8bb980b1d7785e5976ec049b46df5f1326af5a2ea6d103fd07c95385ffab0cacbc86'),(5,'AHMAD SAJIDIN KUSUMAH',1,'1956-4-24','b109f3bbbc244eb82441917ed06d618b9008dd09b3befd1b5e07394c706a8bb980b1d7785e5976ec049b46df5f1326af5a2ea6d103fd07c95385ffab0cacbc86'),(6,'EDIYANTO LIE',1,'1959-11-13','b109f3bbbc244eb82441917ed06d618b9008dd09b3befd1b5e07394c706a8bb980b1d7785e5976ec049b46df5f1326af5a2ea6d103fd07c95385ffab0cacbc86'),(7,'NUGRAHA PRATAMA',1,'1972-2-23','b109f3bbbc244eb82441917ed06d618b9008dd09b3befd1b5e07394c706a8bb980b1d7785e5976ec049b46df5f1326af5a2ea6d103fd07c95385ffab0cacbc86'),(8,'MUHAMMAD IRWAN',1,'1970-12-20','b109f3bbbc244eb82441917ed06d618b9008dd09b3befd1b5e07394c706a8bb980b1d7785e5976ec049b46df5f1326af5a2ea6d103fd07c95385ffab0cacbc86'),(9,'ABDUL ROCHIM',1,'1985-9-10','b109f3bbbc244eb82441917ed06d618b9008dd09b3befd1b5e07394c706a8bb980b1d7785e5976ec049b46df5f1326af5a2ea6d103fd07c95385ffab0cacbc86'),(10,'MALVIN DERRICK ANGGOH',1,'1977-10-17','b109f3bbbc244eb82441917ed06d618b9008dd09b3befd1b5e07394c706a8bb980b1d7785e5976ec049b46df5f1326af5a2ea6d103fd07c95385ffab0cacbc86'),(11,'AFIF TASLIM',1,'1974-7-2','b109f3bbbc244eb82441917ed06d618b9008dd09b3befd1b5e07394c706a8bb980b1d7785e5976ec049b46df5f1326af5a2ea6d103fd07c95385ffab0cacbc86'),(12,'DIAN AMARILLA MAYASTUTI',1,'1953-5-4','b109f3bbbc244eb82441917ed06d618b9008dd09b3befd1b5e07394c706a8bb980b1d7785e5976ec049b46df5f1326af5a2ea6d103fd07c95385ffab0cacbc86'),(13,'MICHAEL SORIANO SIMARMA',1,'1964-7-8','b109f3bbbc244eb82441917ed06d618b9008dd09b3befd1b5e07394c706a8bb980b1d7785e5976ec049b46df5f1326af5a2ea6d103fd07c95385ffab0cacbc86'),(14,'DORIS IMANUEL TANEO',1,'1951-4-12','b109f3bbbc244eb82441917ed06d618b9008dd09b3befd1b5e07394c706a8bb980b1d7785e5976ec049b46df5f1326af5a2ea6d103fd07c95385ffab0cacbc86'),(17,'MUHAMMAD NAJMUDDIN',1,'1972-2-11','b109f3bbbc244eb82441917ed06d618b9008dd09b3befd1b5e07394c706a8bb980b1d7785e5976ec049b46df5f1326af5a2ea6d103fd07c95385ffab0cacbc86'),(19,'SWISTIA NOPEMBRIANTO',1,'1970-11-7','b109f3bbbc244eb82441917ed06d618b9008dd09b3befd1b5e07394c706a8bb980b1d7785e5976ec049b46df5f1326af5a2ea6d103fd07c95385ffab0cacbc86'),(21,'NICO ANDREAS SIAHAAN',1,'1964-11-10','b109f3bbbc244eb82441917ed06d618b9008dd09b3befd1b5e07394c706a8bb980b1d7785e5976ec049b46df5f1326af5a2ea6d103fd07c95385ffab0cacbc86'),(22,'RAPMAN HERI MANULANG',1,'1953-9-16','b109f3bbbc244eb82441917ed06d618b9008dd09b3befd1b5e07394c706a8bb980b1d7785e5976ec049b46df5f1326af5a2ea6d103fd07c95385ffab0cacbc86'),(24,'TRI DISWANTO',1,'1971-4-17','b109f3bbbc244eb82441917ed06d618b9008dd09b3befd1b5e07394c706a8bb980b1d7785e5976ec049b46df5f1326af5a2ea6d103fd07c95385ffab0cacbc86'),(26,'DAISY WIJAYANTI',1,'1965-6-1','b109f3bbbc244eb82441917ed06d618b9008dd09b3befd1b5e07394c706a8bb980b1d7785e5976ec049b46df5f1326af5a2ea6d103fd07c95385ffab0cacbc86'),(28,'LINA WONG',3,'1957-3-6','b109f3bbbc244eb82441917ed06d618b9008dd09b3befd1b5e07394c706a8bb980b1d7785e5976ec049b46df5f1326af5a2ea6d103fd07c95385ffab0cacbc86'),(30,'YENLI',3,'1983-10-18','b109f3bbbc244eb82441917ed06d618b9008dd09b3befd1b5e07394c706a8bb980b1d7785e5976ec049b46df5f1326af5a2ea6d103fd07c95385ffab0cacbc86'),(31,'WIDODO',2,'1958-7-14','b109f3bbbc244eb82441917ed06d618b9008dd09b3befd1b5e07394c706a8bb980b1d7785e5976ec049b46df5f1326af5a2ea6d103fd07c95385ffab0cacbc86'),(32,'I BHENG ANITA',2,'1964-11-2','b109f3bbbc244eb82441917ed06d618b9008dd09b3befd1b5e07394c706a8bb980b1d7785e5976ec049b46df5f1326af5a2ea6d103fd07c95385ffab0cacbc86'),(35,'SITI MARWIYAH',3,'1987-5-5','b109f3bbbc244eb82441917ed06d618b9008dd09b3befd1b5e07394c706a8bb980b1d7785e5976ec049b46df5f1326af5a2ea6d103fd07c95385ffab0cacbc86'),(37,'RONALD H. SIMANJUNTAK',1,'1976-10-12','b109f3bbbc244eb82441917ed06d618b9008dd09b3befd1b5e07394c706a8bb980b1d7785e5976ec049b46df5f1326af5a2ea6d103fd07c95385ffab0cacbc86'),(38,'NENDEN NURLAELA SARI',1,'1978-10-1','b109f3bbbc244eb82441917ed06d618b9008dd09b3befd1b5e07394c706a8bb980b1d7785e5976ec049b46df5f1326af5a2ea6d103fd07c95385ffab0cacbc86'),(50,'HUSNI EFFENDI',5,'1968-2-23','b109f3bbbc244eb82441917ed06d618b9008dd09b3befd1b5e07394c706a8bb980b1d7785e5976ec049b46df5f1326af5a2ea6d103fd07c95385ffab0cacbc86'),(54,'HE HARIYADI',6,'1970-9-28','b109f3bbbc244eb82441917ed06d618b9008dd09b3befd1b5e07394c706a8bb980b1d7785e5976ec049b46df5f1326af5a2ea6d103fd07c95385ffab0cacbc86'),(56,'LEVINA SIANTAR',6,'1985-7-3','b109f3bbbc244eb82441917ed06d618b9008dd09b3befd1b5e07394c706a8bb980b1d7785e5976ec049b46df5f1326af5a2ea6d103fd07c95385ffab0cacbc86'),(58,'RR. MARTRIASIH SILVIA',6,'1981-8-20','b109f3bbbc244eb82441917ed06d618b9008dd09b3befd1b5e07394c706a8bb980b1d7785e5976ec049b46df5f1326af5a2ea6d103fd07c95385ffab0cacbc86'),(59,'ANISA UTAMI SUKMANDARI',6,'1986-1-18','b109f3bbbc244eb82441917ed06d618b9008dd09b3befd1b5e07394c706a8bb980b1d7785e5976ec049b46df5f1326af5a2ea6d103fd07c95385ffab0cacbc86'),(60,'HAN MIE',6,'1961-1-6','b109f3bbbc244eb82441917ed06d618b9008dd09b3befd1b5e07394c706a8bb980b1d7785e5976ec049b46df5f1326af5a2ea6d103fd07c95385ffab0cacbc86'),(62,'MINA',6,'1975-4-11','b109f3bbbc244eb82441917ed06d618b9008dd09b3befd1b5e07394c706a8bb980b1d7785e5976ec049b46df5f1326af5a2ea6d103fd07c95385ffab0cacbc86'),(64,'BUDI UTOMO',6,'1985-10-8','b109f3bbbc244eb82441917ed06d618b9008dd09b3befd1b5e07394c706a8bb980b1d7785e5976ec049b46df5f1326af5a2ea6d103fd07c95385ffab0cacbc86'),(65,'SUTRISWANTO',6,'1962-3-10','b109f3bbbc244eb82441917ed06d618b9008dd09b3befd1b5e07394c706a8bb980b1d7785e5976ec049b46df5f1326af5a2ea6d103fd07c95385ffab0cacbc86'),(68,'LARGO NOVISWARA',6,'1952-5-17','b109f3bbbc244eb82441917ed06d618b9008dd09b3befd1b5e07394c706a8bb980b1d7785e5976ec049b46df5f1326af5a2ea6d103fd07c95385ffab0cacbc86'),(73,'CANDRA PUJO ASTOMO',5,'1975-6-27','b109f3bbbc244eb82441917ed06d618b9008dd09b3befd1b5e07394c706a8bb980b1d7785e5976ec049b46df5f1326af5a2ea6d103fd07c95385ffab0cacbc86'),(75,'SYAIFUL ANWAR',7,'1951-6-23','b109f3bbbc244eb82441917ed06d618b9008dd09b3befd1b5e07394c706a8bb980b1d7785e5976ec049b46df5f1326af5a2ea6d103fd07c95385ffab0cacbc86'),(82,'MARLINA DWI LESTARI',5,'1969-8-23','b109f3bbbc244eb82441917ed06d618b9008dd09b3befd1b5e07394c706a8bb980b1d7785e5976ec049b46df5f1326af5a2ea6d103fd07c95385ffab0cacbc86'),(88,'MOCHAMAD KHUDORI',7,'1953-8-6','b109f3bbbc244eb82441917ed06d618b9008dd09b3befd1b5e07394c706a8bb980b1d7785e5976ec049b46df5f1326af5a2ea6d103fd07c95385ffab0cacbc86'),(89,'OKI UWE OVISKA',7,'1986-10-11','b109f3bbbc244eb82441917ed06d618b9008dd09b3befd1b5e07394c706a8bb980b1d7785e5976ec049b46df5f1326af5a2ea6d103fd07c95385ffab0cacbc86'),(91,'SRI RAHAYU SH',1,'1969-7-22','b109f3bbbc244eb82441917ed06d618b9008dd09b3befd1b5e07394c706a8bb980b1d7785e5976ec049b46df5f1326af5a2ea6d103fd07c95385ffab0cacbc86'),(93,'IIS DWI ASTUTI',5,'1974-11-16','b109f3bbbc244eb82441917ed06d618b9008dd09b3befd1b5e07394c706a8bb980b1d7785e5976ec049b46df5f1326af5a2ea6d103fd07c95385ffab0cacbc86'),(96,'PURWO LURYANTO RAHATDJO',5,'1955-7-26','b109f3bbbc244eb82441917ed06d618b9008dd09b3befd1b5e07394c706a8bb980b1d7785e5976ec049b46df5f1326af5a2ea6d103fd07c95385ffab0cacbc86'),(97,'SUDINAR',5,'1990-1-3','b109f3bbbc244eb82441917ed06d618b9008dd09b3befd1b5e07394c706a8bb980b1d7785e5976ec049b46df5f1326af5a2ea6d103fd07c95385ffab0cacbc86'),(100,'AHMAD JAHRI',7,'1952-5-6','b109f3bbbc244eb82441917ed06d618b9008dd09b3befd1b5e07394c706a8bb980b1d7785e5976ec049b46df5f1326af5a2ea6d103fd07c95385ffab0cacbc86'),(107,'RENI SITI FATIMAH',6,'1978-12-26','b109f3bbbc244eb82441917ed06d618b9008dd09b3befd1b5e07394c706a8bb980b1d7785e5976ec049b46df5f1326af5a2ea6d103fd07c95385ffab0cacbc86'),(108,'EKO WAHYUDI',1,'1979-5-22','b109f3bbbc244eb82441917ed06d618b9008dd09b3befd1b5e07394c706a8bb980b1d7785e5976ec049b46df5f1326af5a2ea6d103fd07c95385ffab0cacbc86'),(111,'YOGO PRASTOWO',1,'1986-3-9','b109f3bbbc244eb82441917ed06d618b9008dd09b3befd1b5e07394c706a8bb980b1d7785e5976ec049b46df5f1326af5a2ea6d103fd07c95385ffab0cacbc86'),(112,'ALMER SANJAYA',7,'1954-11-6','b109f3bbbc244eb82441917ed06d618b9008dd09b3befd1b5e07394c706a8bb980b1d7785e5976ec049b46df5f1326af5a2ea6d103fd07c95385ffab0cacbc86'),(113,'SAFERI',7,'1990-7-19','b109f3bbbc244eb82441917ed06d618b9008dd09b3befd1b5e07394c706a8bb980b1d7785e5976ec049b46df5f1326af5a2ea6d103fd07c95385ffab0cacbc86'),(115,'MOCHAMAD GILANG GINANJAR',7,'1950-1-20','b109f3bbbc244eb82441917ed06d618b9008dd09b3befd1b5e07394c706a8bb980b1d7785e5976ec049b46df5f1326af5a2ea6d103fd07c95385ffab0cacbc86'),(116,'MUHAMMAD IRFAN',7,'1967-8-19','b109f3bbbc244eb82441917ed06d618b9008dd09b3befd1b5e07394c706a8bb980b1d7785e5976ec049b46df5f1326af5a2ea6d103fd07c95385ffab0cacbc86'),(117,'KUSWANDI',7,'1985-4-21','b109f3bbbc244eb82441917ed06d618b9008dd09b3befd1b5e07394c706a8bb980b1d7785e5976ec049b46df5f1326af5a2ea6d103fd07c95385ffab0cacbc86'),(119,'ENDI ROHENDI',7,'1974-6-25','b109f3bbbc244eb82441917ed06d618b9008dd09b3befd1b5e07394c706a8bb980b1d7785e5976ec049b46df5f1326af5a2ea6d103fd07c95385ffab0cacbc86'),(120,'DIDIN MIFTAHOEDIN',7,'1960-11-2','b109f3bbbc244eb82441917ed06d618b9008dd09b3befd1b5e07394c706a8bb980b1d7785e5976ec049b46df5f1326af5a2ea6d103fd07c95385ffab0cacbc86'),(121,'BINTANG DIAN MAHARDIKA',1,'1975-5-16','b109f3bbbc244eb82441917ed06d618b9008dd09b3befd1b5e07394c706a8bb980b1d7785e5976ec049b46df5f1326af5a2ea6d103fd07c95385ffab0cacbc86'),(122,'MUHAMMAD NASRULLAH',5,'1974-10-5','b109f3bbbc244eb82441917ed06d618b9008dd09b3befd1b5e07394c706a8bb980b1d7785e5976ec049b46df5f1326af5a2ea6d103fd07c95385ffab0cacbc86'),(127,'MOCHAMMAD RIDZWAN ALIEF',1,'1990-3-21','b109f3bbbc244eb82441917ed06d618b9008dd09b3befd1b5e07394c706a8bb980b1d7785e5976ec049b46df5f1326af5a2ea6d103fd07c95385ffab0cacbc86'),(128,'AHMAD FATIKHI',1,'1952-9-5','b109f3bbbc244eb82441917ed06d618b9008dd09b3befd1b5e07394c706a8bb980b1d7785e5976ec049b46df5f1326af5a2ea6d103fd07c95385ffab0cacbc86'),(129,'EKA ASY\'ARI ISMAIL',1,'1980-12-26','b109f3bbbc244eb82441917ed06d618b9008dd09b3befd1b5e07394c706a8bb980b1d7785e5976ec049b46df5f1326af5a2ea6d103fd07c95385ffab0cacbc86'),(131,'IWAN SETIAWAN',7,'1951-12-28','b109f3bbbc244eb82441917ed06d618b9008dd09b3befd1b5e07394c706a8bb980b1d7785e5976ec049b46df5f1326af5a2ea6d103fd07c95385ffab0cacbc86'),(133,'MUHAMMAD AJIE RIFKI',7,'1955-6-10','b109f3bbbc244eb82441917ed06d618b9008dd09b3befd1b5e07394c706a8bb980b1d7785e5976ec049b46df5f1326af5a2ea6d103fd07c95385ffab0cacbc86'),(134,'MEGGA FARAH NASZA',5,'1979-3-9','b109f3bbbc244eb82441917ed06d618b9008dd09b3befd1b5e07394c706a8bb980b1d7785e5976ec049b46df5f1326af5a2ea6d103fd07c95385ffab0cacbc86'),(136,'SILVIA TAMARA',6,'1973-1-4','b109f3bbbc244eb82441917ed06d618b9008dd09b3befd1b5e07394c706a8bb980b1d7785e5976ec049b46df5f1326af5a2ea6d103fd07c95385ffab0cacbc86'),(138,'ARIEF WAHYU NUGROHO',1,'1983-1-21','b109f3bbbc244eb82441917ed06d618b9008dd09b3befd1b5e07394c706a8bb980b1d7785e5976ec049b46df5f1326af5a2ea6d103fd07c95385ffab0cacbc86'),(143,'RAIZA MAINDOKA',1,'1954-2-10','b109f3bbbc244eb82441917ed06d618b9008dd09b3befd1b5e07394c706a8bb980b1d7785e5976ec049b46df5f1326af5a2ea6d103fd07c95385ffab0cacbc86'),(145,'SITI ROCHMAH',7,'1970-2-4','b109f3bbbc244eb82441917ed06d618b9008dd09b3befd1b5e07394c706a8bb980b1d7785e5976ec049b46df5f1326af5a2ea6d103fd07c95385ffab0cacbc86'),(146,'RADEN AYU KHOIRUNNISA',7,'1970-12-18','b109f3bbbc244eb82441917ed06d618b9008dd09b3befd1b5e07394c706a8bb980b1d7785e5976ec049b46df5f1326af5a2ea6d103fd07c95385ffab0cacbc86'),(147,'SHERA MANDALIKA',7,'1972-8-3','b109f3bbbc244eb82441917ed06d618b9008dd09b3befd1b5e07394c706a8bb980b1d7785e5976ec049b46df5f1326af5a2ea6d103fd07c95385ffab0cacbc86'),(150,'AGUNG GUMILAR',7,'1959-1-27','b109f3bbbc244eb82441917ed06d618b9008dd09b3befd1b5e07394c706a8bb980b1d7785e5976ec049b46df5f1326af5a2ea6d103fd07c95385ffab0cacbc86'),(151,'ACHMAD ISMAIL/MAIL',7,'1989-9-8','b109f3bbbc244eb82441917ed06d618b9008dd09b3befd1b5e07394c706a8bb980b1d7785e5976ec049b46df5f1326af5a2ea6d103fd07c95385ffab0cacbc86'),(153,'HANGGARA',6,'1954-11-9','b109f3bbbc244eb82441917ed06d618b9008dd09b3befd1b5e07394c706a8bb980b1d7785e5976ec049b46df5f1326af5a2ea6d103fd07c95385ffab0cacbc86'),(156,'HERU PURNOMO',7,'1956-1-3','b109f3bbbc244eb82441917ed06d618b9008dd09b3befd1b5e07394c706a8bb980b1d7785e5976ec049b46df5f1326af5a2ea6d103fd07c95385ffab0cacbc86'),(157,'MUHAMMAD JEFRI',7,'1963-5-4','b109f3bbbc244eb82441917ed06d618b9008dd09b3befd1b5e07394c706a8bb980b1d7785e5976ec049b46df5f1326af5a2ea6d103fd07c95385ffab0cacbc86'),(160,'RICO YOHANSYAH',2,'1973-2-4','b109f3bbbc244eb82441917ed06d618b9008dd09b3befd1b5e07394c706a8bb980b1d7785e5976ec049b46df5f1326af5a2ea6d103fd07c95385ffab0cacbc86'),(161,'YUN ANNISA ELIN',7,'1976-9-11','b109f3bbbc244eb82441917ed06d618b9008dd09b3befd1b5e07394c706a8bb980b1d7785e5976ec049b46df5f1326af5a2ea6d103fd07c95385ffab0cacbc86'),(163,'DENISKY PATRICIO',1,'1951-3-17','b109f3bbbc244eb82441917ed06d618b9008dd09b3befd1b5e07394c706a8bb980b1d7785e5976ec049b46df5f1326af5a2ea6d103fd07c95385ffab0cacbc86'),(166,'ARI YUDIANTO',7,'1974-6-2','b109f3bbbc244eb82441917ed06d618b9008dd09b3befd1b5e07394c706a8bb980b1d7785e5976ec049b46df5f1326af5a2ea6d103fd07c95385ffab0cacbc86'),(167,'RAPMAN HERI MANULANG',1,'1973-9-17','b109f3bbbc244eb82441917ed06d618b9008dd09b3befd1b5e07394c706a8bb980b1d7785e5976ec049b46df5f1326af5a2ea6d103fd07c95385ffab0cacbc86'),(168,'FITRI NAWATI',3,'1979-11-17','b109f3bbbc244eb82441917ed06d618b9008dd09b3befd1b5e07394c706a8bb980b1d7785e5976ec049b46df5f1326af5a2ea6d103fd07c95385ffab0cacbc86'),(169,'ARIE ARTHA',3,'1968-11-10','b109f3bbbc244eb82441917ed06d618b9008dd09b3befd1b5e07394c706a8bb980b1d7785e5976ec049b46df5f1326af5a2ea6d103fd07c95385ffab0cacbc86'),(170,'MENTARI LARAS KUSUMA AST',7,'1962-10-21','b109f3bbbc244eb82441917ed06d618b9008dd09b3befd1b5e07394c706a8bb980b1d7785e5976ec049b46df5f1326af5a2ea6d103fd07c95385ffab0cacbc86'),(173,'DENDY AZIZ ANNABA',7,'1975-7-16','b109f3bbbc244eb82441917ed06d618b9008dd09b3befd1b5e07394c706a8bb980b1d7785e5976ec049b46df5f1326af5a2ea6d103fd07c95385ffab0cacbc86'),(174,'DIONISIUS BUDI SETIAWAN',1,'1981-3-18','b109f3bbbc244eb82441917ed06d618b9008dd09b3befd1b5e07394c706a8bb980b1d7785e5976ec049b46df5f1326af5a2ea6d103fd07c95385ffab0cacbc86'),(175,'ATEP HIDAYAT',7,'1976-10-3','b109f3bbbc244eb82441917ed06d618b9008dd09b3befd1b5e07394c706a8bb980b1d7785e5976ec049b46df5f1326af5a2ea6d103fd07c95385ffab0cacbc86'),(176,'MOHAMAD RUDI',6,'1978-6-10','b109f3bbbc244eb82441917ed06d618b9008dd09b3befd1b5e07394c706a8bb980b1d7785e5976ec049b46df5f1326af5a2ea6d103fd07c95385ffab0cacbc86'),(177,'RUSMAN RUSMAHA',2,'1981-1-1','b109f3bbbc244eb82441917ed06d618b9008dd09b3befd1b5e07394c706a8bb980b1d7785e5976ec049b46df5f1326af5a2ea6d103fd07c95385ffab0cacbc86'),(181,'AARON PANJAITAN',1,'1978-7-25','b109f3bbbc244eb82441917ed06d618b9008dd09b3befd1b5e07394c706a8bb980b1d7785e5976ec049b46df5f1326af5a2ea6d103fd07c95385ffab0cacbc86'),(182,'INDRA ABDUL MALIK',7,'1970-12-27','b109f3bbbc244eb82441917ed06d618b9008dd09b3befd1b5e07394c706a8bb980b1d7785e5976ec049b46df5f1326af5a2ea6d103fd07c95385ffab0cacbc86'),(185,'EVI SETYANINGSIH',7,'1959-1-25','b109f3bbbc244eb82441917ed06d618b9008dd09b3befd1b5e07394c706a8bb980b1d7785e5976ec049b46df5f1326af5a2ea6d103fd07c95385ffab0cacbc86'),(186,'DENI RICARDO',7,'1968-8-28','b109f3bbbc244eb82441917ed06d618b9008dd09b3befd1b5e07394c706a8bb980b1d7785e5976ec049b46df5f1326af5a2ea6d103fd07c95385ffab0cacbc86'),(187,'ANZHARI PURNOMO',7,'1982-5-4','b109f3bbbc244eb82441917ed06d618b9008dd09b3befd1b5e07394c706a8bb980b1d7785e5976ec049b46df5f1326af5a2ea6d103fd07c95385ffab0cacbc86'),(190,'ZIKRI AMALIA',2,'1964-1-4','b109f3bbbc244eb82441917ed06d618b9008dd09b3befd1b5e07394c706a8bb980b1d7785e5976ec049b46df5f1326af5a2ea6d103fd07c95385ffab0cacbc86'),(192,'MELI MUSLIMAT',2,'1967-4-18','b109f3bbbc244eb82441917ed06d618b9008dd09b3befd1b5e07394c706a8bb980b1d7785e5976ec049b46df5f1326af5a2ea6d103fd07c95385ffab0cacbc86'),(196,'DIAN PERMATA SARI',6,'1983-7-16','b109f3bbbc244eb82441917ed06d618b9008dd09b3befd1b5e07394c706a8bb980b1d7785e5976ec049b46df5f1326af5a2ea6d103fd07c95385ffab0cacbc86'),(197,'DANIEL',6,'1968-5-18','b109f3bbbc244eb82441917ed06d618b9008dd09b3befd1b5e07394c706a8bb980b1d7785e5976ec049b46df5f1326af5a2ea6d103fd07c95385ffab0cacbc86'),(198,'MASHUDI M. NURWAHYUDI',1,'1969-8-12','b109f3bbbc244eb82441917ed06d618b9008dd09b3befd1b5e07394c706a8bb980b1d7785e5976ec049b46df5f1326af5a2ea6d103fd07c95385ffab0cacbc86'),(200,'TONI SETIAWAN',6,'1972-5-22','b109f3bbbc244eb82441917ed06d618b9008dd09b3befd1b5e07394c706a8bb980b1d7785e5976ec049b46df5f1326af5a2ea6d103fd07c95385ffab0cacbc86'),(201,'DIRA ARISMAN',6,'1959-4-18','b109f3bbbc244eb82441917ed06d618b9008dd09b3befd1b5e07394c706a8bb980b1d7785e5976ec049b46df5f1326af5a2ea6d103fd07c95385ffab0cacbc86'),(202,'ABDUL SOMAD',6,'1957-6-2','b109f3bbbc244eb82441917ed06d618b9008dd09b3befd1b5e07394c706a8bb980b1d7785e5976ec049b46df5f1326af5a2ea6d103fd07c95385ffab0cacbc86'),(203,'YAQUB HANIFAN',1,'1971-11-10','b109f3bbbc244eb82441917ed06d618b9008dd09b3befd1b5e07394c706a8bb980b1d7785e5976ec049b46df5f1326af5a2ea6d103fd07c95385ffab0cacbc86'),(204,'RADI WAHYUDI',7,'1968-7-16','b109f3bbbc244eb82441917ed06d618b9008dd09b3befd1b5e07394c706a8bb980b1d7785e5976ec049b46df5f1326af5a2ea6d103fd07c95385ffab0cacbc86'),(205,'HENDRA CHUNG',3,'1953-9-22','b109f3bbbc244eb82441917ed06d618b9008dd09b3befd1b5e07394c706a8bb980b1d7785e5976ec049b46df5f1326af5a2ea6d103fd07c95385ffab0cacbc86'),(206,'RAHMAT',7,'1981-12-7','b109f3bbbc244eb82441917ed06d618b9008dd09b3befd1b5e07394c706a8bb980b1d7785e5976ec049b46df5f1326af5a2ea6d103fd07c95385ffab0cacbc86'),(207,'HELMON NATANEL PIRIE',7,'1960-10-3','b109f3bbbc244eb82441917ed06d618b9008dd09b3befd1b5e07394c706a8bb980b1d7785e5976ec049b46df5f1326af5a2ea6d103fd07c95385ffab0cacbc86'),(208,'NURUL FAJAR',6,'1975-12-21','b109f3bbbc244eb82441917ed06d618b9008dd09b3befd1b5e07394c706a8bb980b1d7785e5976ec049b46df5f1326af5a2ea6d103fd07c95385ffab0cacbc86'),(209,'UNTUNG BASUKI',6,'1954-6-6','b109f3bbbc244eb82441917ed06d618b9008dd09b3befd1b5e07394c706a8bb980b1d7785e5976ec049b46df5f1326af5a2ea6d103fd07c95385ffab0cacbc86'),(210,'DIDIK JUNI PRASETIA',1,'1978-1-27','b109f3bbbc244eb82441917ed06d618b9008dd09b3befd1b5e07394c706a8bb980b1d7785e5976ec049b46df5f1326af5a2ea6d103fd07c95385ffab0cacbc86'),(211,'AKHIRUL HAJRI',1,'1952-5-17','b109f3bbbc244eb82441917ed06d618b9008dd09b3befd1b5e07394c706a8bb980b1d7785e5976ec049b46df5f1326af5a2ea6d103fd07c95385ffab0cacbc86'),(212,'ANDRI ILHAM',1,'1989-10-5','b109f3bbbc244eb82441917ed06d618b9008dd09b3befd1b5e07394c706a8bb980b1d7785e5976ec049b46df5f1326af5a2ea6d103fd07c95385ffab0cacbc86'),(214,'VINCENT SANTO OKTAVIANUS',1,'1974-5-24','b109f3bbbc244eb82441917ed06d618b9008dd09b3befd1b5e07394c706a8bb980b1d7785e5976ec049b46df5f1326af5a2ea6d103fd07c95385ffab0cacbc86'),(100001,'admin',100001,'1992-08-30','b109f3bbbc244eb82441917ed06d618b9008dd09b3befd1b5e07394c706a8bb980b1d7785e5976ec049b46df5f1326af5a2ea6d103fd07c95385ffab0cacbc86');
/*!40000 ALTER TABLE `karyawan` ENABLE KEYS */;
UNLOCK TABLES;

--
-- Table structure for table `kehadiran`
--

DROP TABLE IF EXISTS `kehadiran`;
/*!40101 SET @saved_cs_client     = @@character_set_client */;
/*!40101 SET character_set_client = utf8 */;
CREATE TABLE `kehadiran` (
  `id` int(6) NOT NULL,
  `tanggal` varchar(10) DEFAULT NULL,
  `id_karyawan_fk` int(6) DEFAULT NULL,
  `masuk` varchar(5) DEFAULT NULL,
  `pulang` varchar(5) DEFAULT NULL,
  PRIMARY KEY (`id`)
) ENGINE=InnoDB DEFAULT CHARSET=utf8;
/*!40101 SET character_set_client = @saved_cs_client */;

--
-- Dumping data for table `kehadiran`
--

LOCK TABLES `kehadiran` WRITE;
/*!40000 ALTER TABLE `kehadiran` DISABLE KEYS */;
INSERT INTO `kehadiran` VALUES (4544,'20160201',160,'',''),(4545,'20160202',160,'',''),(4546,'20160203',160,'',''),(4547,'20160204',160,'',''),(4548,'20160205',160,'',''),(4549,'20160206',160,'',''),(4550,'20160207',160,'',''),(4551,'20160208',160,'',''),(4552,'20160209',160,'',''),(4553,'20160210',160,'',''),(4554,'20160211',160,'',''),(4555,'20160212',160,'',''),(4556,'20160213',160,'',''),(4557,'20160214',160,'',''),(4558,'20160215',160,'',''),(4559,'20160216',160,'',''),(4560,'20160217',160,'',''),(4561,'20160218',160,'',''),(4562,'20160219',160,'',''),(4563,'20160220',160,'',''),(4564,'20160221',160,'',''),(4565,'20160222',160,'',''),(4566,'20160223',160,'',''),(4567,'20160224',160,'',''),(4568,'20160225',160,'',''),(4569,'20160226',160,'',''),(4570,'20160227',160,'',''),(4571,'20160228',160,'',''),(4572,'20160229',160,'',''),(4573,'20160301',160,'',''),(4574,'20160302',160,'',''),(4575,'20160201',177,'08:05','19:05'),(4576,'20160202',177,'08:02','21:56'),(4577,'20160203',177,'08:13','18:00'),(4578,'20160204',177,'08:31','18:50'),(4579,'20160205',177,'08:23','17:33'),(4580,'20160206',177,'',''),(4581,'20160207',177,'',''),(4582,'20160208',177,'',''),(4583,'20160209',177,'',''),(4584,'20160210',177,'08:05','18:39'),(4585,'20160211',177,'08:20','18:43'),(4586,'20160212',177,'08:10','17:30'),(4587,'20160213',177,'',''),(4588,'20160214',177,'',''),(4589,'20160215',177,'08:31','18:30'),(4590,'20160216',177,'08:05','19:30'),(4591,'20160217',177,'08:31','20:07'),(4592,'20160218',177,'08:27','23:12'),(4593,'20160219',177,'08:32',''),(4594,'20160220',177,'',''),(4595,'20160221',177,'',''),(4596,'20160222',177,'08:03','21:34'),(4597,'20160223',177,'07:59','22:07'),(4598,'20160224',177,'08:16','18:13'),(4599,'20160225',177,'08:06','18:30'),(4600,'20160226',177,'07:53',''),(4601,'20160227',177,'',''),(4602,'20160228',177,'',''),(4603,'20160229',177,'08:11','18:30'),(4604,'20160301',177,'',''),(4605,'20160302',177,'',''),(4606,'20160201',190,'08:35','17:30'),(4607,'20160202',190,'08:34','17:33'),(4608,'20160203',190,'08:27','18:07'),(4609,'20160204',190,'08:35','18:51'),(4610,'20160205',190,'08:33','17:33'),(4611,'20160206',190,'',''),(4612,'20160207',190,'',''),(4613,'20160208',190,'',''),(4614,'20160209',190,'08:34','18:29'),(4615,'20160210',190,'08:34','18:39'),(4616,'20160211',190,'08:32','18:43'),(4617,'20160212',190,'08:29','18:04'),(4618,'20160213',190,'',''),(4619,'20160214',190,'',''),(4620,'20160215',190,'08:22','17:38'),(4621,'20160216',190,'08:34','17:35'),(4622,'20160217',190,'08:34','18:31'),(4623,'20160218',190,'08:19','17:35'),(4624,'20160219',190,'08:30',''),(4625,'20160220',190,'',''),(4626,'20160221',190,'',''),(4627,'20160222',190,'08:33','18:13'),(4628,'20160223',190,'08:18','17:40'),(4629,'20160224',190,'08:19','17:33'),(4630,'20160225',190,'08:35','17:32'),(4631,'20160226',190,'08:30','17:33'),(4632,'20160227',190,'',''),(4633,'20160228',190,'',''),(4634,'20160229',190,'08:32','17:31'),(4635,'20160301',190,'',''),(4636,'20160302',190,'',''),(4637,'20160201',192,'08:18','17:53'),(4638,'20160202',192,'08:03','17:52'),(4639,'20160203',192,'08:52','17:36'),(4640,'20160204',192,'07:41','17:33'),(4641,'20160205',192,'07:49',''),(4642,'20160206',192,'',''),(4643,'20160207',192,'',''),(4644,'20160208',192,'',''),(4645,'20160209',192,'',''),(4646,'20160210',192,'08:28','17:38'),(4647,'20160211',192,'08:23','17:33'),(4648,'20160212',192,'07:53','17:33'),(4649,'20160213',192,'',''),(4650,'20160214',192,'',''),(4651,'20160215',192,'08:22','18:03'),(4652,'20160216',192,'07:45','17:35'),(4653,'20160217',192,'08:17','18:06'),(4654,'20160218',192,'08:31','17:31'),(4655,'20160219',192,'08:16','17:11'),(4656,'20160220',192,'',''),(4657,'20160221',192,'',''),(4658,'20160222',192,'08:33','17:31'),(4659,'20160223',192,'08:06','17:32'),(4660,'20160224',192,'09:07','17:30'),(4661,'20160225',192,'09:05','17:30'),(4662,'20160226',192,'09:51','18:05'),(4663,'20160227',192,'',''),(4664,'20160228',192,'',''),(4665,'20160229',192,'',''),(4666,'20160301',192,'',''),(4667,'20160302',192,'',''),(4668,'20160201',31,'08:23','18:40'),(4669,'20160202',31,'','18:52'),(4670,'20160203',31,'',''),(4671,'20160204',31,'',''),(4672,'20160205',31,'',''),(4673,'20160206',31,'',''),(4674,'20160207',31,'',''),(4675,'20160208',31,'',''),(4676,'20160209',31,'',''),(4677,'20160210',31,'','17:34'),(4678,'20160211',31,'',''),(4679,'20160212',31,'',''),(4680,'20160213',31,'',''),(4681,'20160214',31,'',''),(4682,'20160215',31,'',''),(4683,'20160216',31,'',''),(4684,'20160217',31,'',''),(4685,'20160218',31,'',''),(4686,'20160219',31,'',''),(4687,'20160220',31,'',''),(4688,'20160221',31,'',''),(4689,'20160222',31,'',''),(4690,'20160223',31,'',''),(4691,'20160224',31,'',''),(4692,'20160225',31,'',''),(4693,'20160226',31,'',''),(4694,'20160227',31,'',''),(4695,'20160228',31,'',''),(4696,'20160229',31,'',''),(4697,'20160301',31,'',''),(4698,'20160302',31,'',''),(4699,'20160201',32,'','13:33'),(4700,'20160202',32,'','13:03'),(4701,'20160203',32,'','16:29'),(4702,'20160204',32,'','17:41'),(4703,'20160205',32,'07:33',''),(4704,'20160206',32,'',''),(4705,'20160207',32,'',''),(4706,'20160208',32,'',''),(4707,'20160209',32,'',''),(4708,'20160210',32,'',''),(4709,'20160211',32,'',''),(4710,'20160212',32,'','17:40'),(4711,'20160213',32,'',''),(4712,'20160214',32,'',''),(4713,'20160215',32,'','17:50'),(4714,'20160216',32,'08:26','18:16'),(4715,'20160217',32,'08:29','15:09'),(4716,'20160218',32,'','17:42'),(4717,'20160219',32,'07:15','18:07'),(4718,'20160220',32,'',''),(4719,'20160221',32,'',''),(4720,'20160222',32,'08:37','17:54'),(4721,'20160223',32,'','18:18'),(4722,'20160224',32,'','17:58'),(4723,'20160225',32,'07:27','19:10'),(4724,'20160226',32,'','18:34'),(4725,'20160227',32,'',''),(4726,'20160228',32,'',''),(4727,'20160229',32,'','19:03'),(4728,'20160301',32,'',''),(4729,'20160302',32,'',''),(4730,'20161201',122,'08:26','17:32'),(4731,'20161202',122,'09:50','17:31'),(4732,'20161203',122,'08:04','17:31'),(4733,'20161204',122,'08:13','17:36'),(4734,'20161205',122,'',''),(4735,'20161206',122,'',''),(4736,'20161207',122,'08:44','17:32'),(4737,'20161208',122,'08:47','17:32'),(4738,'20161209',122,'',''),(4739,'20161210',122,'08:07','17:33'),(4740,'20161211',122,'08:30','17:32'),(4741,'20161212',122,'',''),(4742,'20161213',122,'',''),(4743,'20161214',122,'',''),(4744,'20161215',122,'',''),(4745,'20161216',122,'08:22','17:34'),(4746,'20161217',122,'08:00','17:32'),(4747,'20161218',122,'08:58','17:34'),(4748,'20161219',122,'',''),(4749,'20161220',122,'',''),(4750,'20161221',122,'08:26','17:31'),(4751,'20161222',122,'08:13','17:33'),(4752,'20161223',122,'08:29','17:31'),(4753,'20161224',122,'',''),(4754,'20161225',122,'',''),(4755,'20161226',122,'',''),(4756,'20161227',122,'',''),(4757,'20161228',122,'',''),(4758,'20161229',122,'08:12','17:30'),(4759,'20161230',122,'08:13','17:30'),(4760,'20161231',122,'08:31',''),(4761,'20161201',134,'07:53','17:33'),(4762,'20161202',134,'08:02',''),(4763,'20161203',134,'07:55','17:31'),(4764,'20161204',134,'07:49','15:55'),(4765,'20161205',134,'',''),(4766,'20161206',134,'',''),(4767,'20161207',134,'',''),(4768,'20161208',134,'',''),(4769,'20161209',134,'',''),(4770,'20161210',134,'',''),(4771,'20161211',134,'',''),(4772,'20161212',134,'',''),(4773,'20161213',134,'',''),(4774,'20161214',134,'07:37','17:31'),(4775,'20161215',134,'08:00','17:30'),(4776,'20161216',134,'07:53','17:42'),(4777,'20161217',134,'07:50','18:25'),(4778,'20161218',134,'07:49','17:36'),(4779,'20161219',134,'',''),(4780,'20161220',134,'',''),(4781,'20161221',134,'07:44',''),(4782,'20161222',134,'07:40','18:45'),(4783,'20161223',134,'07:43','17:31'),(4784,'20161224',134,'',''),(4785,'20161225',134,'',''),(4786,'20161226',134,'',''),(4787,'20161227',134,'',''),(4788,'20161228',134,'07:34','17:30'),(4789,'20161229',134,'07:40','17:32'),(4790,'20161230',134,'07:38','17:30'),(4791,'20161231',134,'07:37','13:18'),(4792,'20161201',50,'',''),(4793,'20161202',50,'',''),(4794,'20161203',50,'',''),(4795,'20161204',50,'',''),(4796,'20161205',50,'',''),(4797,'20161206',50,'',''),(4798,'20161207',50,'',''),(4799,'20161208',50,'',''),(4800,'20161209',50,'',''),(4801,'20161210',50,'',''),(4802,'20161211',50,'',''),(4803,'20161212',50,'',''),(4804,'20161213',50,'',''),(4805,'20161214',50,'',''),(4806,'20161215',50,'',''),(4807,'20161216',50,'',''),(4808,'20161217',50,'',''),(4809,'20161218',50,'',''),(4810,'20161219',50,'',''),(4811,'20161220',50,'',''),(4812,'20161221',50,'',''),(4813,'20161222',50,'',''),(4814,'20161223',50,'',''),(4815,'20161224',50,'',''),(4816,'20161225',50,'',''),(4817,'20161226',50,'',''),(4818,'20161227',50,'',''),(4819,'20161228',50,'',''),(4820,'20161229',50,'',''),(4821,'20161230',50,'',''),(4822,'20161231',50,'',''),(4823,'20161201',73,'08:28','17:34'),(4824,'20161202',73,'08:23','17:31'),(4825,'20161203',73,'08:23','17:30'),(4826,'20161204',73,'08:33','17:36'),(4827,'20161205',73,'',''),(4828,'20161206',73,'',''),(4829,'20161207',73,'08:33','17:35'),(4830,'20161208',73,'08:18','17:35'),(4831,'20161209',73,'',''),(4832,'20161210',73,'08:22','17:34'),(4833,'20161211',73,'08:22','17:35'),(4834,'20161212',73,'',''),(4835,'20161213',73,'',''),(4836,'20161214',73,'08:32','21:03'),(4837,'20161215',73,'08:25','17:30'),(4838,'20161216',73,'08:16','17:34'),(4839,'20161217',73,'08:26','17:33'),(4840,'20161218',73,'08:30','17:34'),(4841,'20161219',73,'',''),(4842,'20161220',73,'',''),(4843,'20161221',73,'08:23','17:32'),(4844,'20161222',73,'08:30','17:32'),(4845,'20161223',73,'08:27',''),(4846,'20161224',73,'',''),(4847,'20161225',73,'',''),(4848,'20161226',73,'',''),(4849,'20161227',73,'',''),(4850,'20161228',73,'08:13','17:23'),(4851,'20161229',73,'08:01','17:32'),(4852,'20161230',73,'08:16','17:34'),(4853,'20161231',73,'08:07',''),(4854,'20161201',82,'08:28','17:34'),(4855,'20161202',82,'08:23','17:30'),(4856,'20161203',82,'08:23','17:30'),(4857,'20161204',82,'08:33','17:36'),(4858,'20161205',82,'',''),(4859,'20161206',82,'',''),(4860,'20161207',82,'08:33','17:34'),(4861,'20161208',82,'08:18','17:35'),(4862,'20161209',82,'',''),(4863,'20161210',82,'08:22','17:34'),(4864,'20161211',82,'08:21','17:35'),(4865,'20161212',82,'',''),(4866,'20161213',82,'',''),(4867,'20161214',82,'08:30','17:31'),(4868,'20161215',82,'08:24','17:30'),(4869,'20161216',82,'08:16','17:35'),(4870,'20161217',82,'08:25','17:36'),(4871,'20161218',82,'08:29','17:34'),(4872,'20161219',82,'',''),(4873,'20161220',82,'',''),(4874,'20161221',82,'08:23',''),(4875,'20161222',82,'08:29','17:33'),(4876,'20161223',82,'08:26',''),(4877,'20161224',82,'',''),(4878,'20161225',82,'',''),(4879,'20161226',82,'',''),(4880,'20161227',82,'',''),(4881,'20161228',82,'08:12','17:30'),(4882,'20161229',82,'08:01','17:31'),(4883,'20161230',82,'08:16',''),(4884,'20161231',82,'08:10',''),(4885,'20161201',93,'08:35','17:33'),(4886,'20161202',93,'08:34','17:30'),(4887,'20161203',93,'08:35','17:30'),(4888,'20161204',93,'08:27','17:31'),(4889,'20161205',93,'',''),(4890,'20161206',93,'',''),(4891,'20161207',93,'',''),(4892,'20161208',93,'08:34','17:32'),(4893,'20161209',93,'',''),(4894,'20161210',93,'08:34','17:47'),(4895,'20161211',93,'',''),(4896,'20161212',93,'',''),(4897,'20161213',93,'',''),(4898,'20161214',93,'08:35','17:30'),(4899,'20161215',93,'08:34','17:30'),(4900,'20161216',93,'08:33','17:34'),(4901,'20161217',93,'08:34','17:32'),(4902,'20161218',93,'09:35','17:32'),(4903,'20161219',93,'',''),(4904,'20161220',93,'',''),(4905,'20161221',93,'08:59',''),(4906,'20161222',93,'08:54','17:32'),(4907,'20161223',93,'10:25','17:31'),(4908,'20161224',93,'',''),(4909,'20161225',93,'',''),(4910,'20161226',93,'',''),(4911,'20161227',93,'',''),(4912,'20161228',93,'08:54','17:21'),(4913,'20161229',93,'08:18','17:31'),(4914,'20161230',93,'09:09','17:30'),(4915,'20161231',93,'09:09',''),(4916,'20161201',96,'09:40','17:32'),(4917,'20161202',96,'09:44','17:30'),(4918,'20161203',96,'09:57','17:30'),(4919,'20161204',96,'09:42',''),(4920,'20161205',96,'',''),(4921,'20161206',96,'',''),(4922,'20161207',96,'09:35','18:19'),(4923,'20161208',96,'09:18','17:33'),(4924,'20161209',96,'',''),(4925,'20161210',96,'',''),(4926,'20161211',96,'',''),(4927,'20161212',96,'',''),(4928,'20161213',96,'',''),(4929,'20161214',96,'12:01','17:30'),(4930,'20161215',96,'','17:30'),(4931,'20161216',96,'10:27','17:35'),(4932,'20161217',96,'12:35','17:32'),(4933,'20161218',96,'11:24',''),(4934,'20161219',96,'',''),(4935,'20161220',96,'',''),(4936,'20161221',96,'09:58','17:12'),(4937,'20161222',96,'11:16','15:31'),(4938,'20161223',96,'10:57','17:33'),(4939,'20161224',96,'',''),(4940,'20161225',96,'',''),(4941,'20161226',96,'',''),(4942,'20161227',96,'',''),(4943,'20161228',96,'11:06','17:21'),(4944,'20161229',96,'12:03','17:32'),(4945,'20161230',96,'','17:31'),(4946,'20161231',96,'10:31',''),(4947,'20161201',97,'09:41','17:32'),(4948,'20161202',97,'09:38','17:30'),(4949,'20161203',97,'09:54','17:30'),(4950,'20161204',97,'09:17','17:32'),(4951,'20161205',97,'',''),(4952,'20161206',97,'',''),(4953,'20161207',97,'09:31','17:31'),(4954,'20161208',97,'09:44',''),(4955,'20161209',97,'',''),(4956,'20161210',97,'09:24','17:31'),(4957,'20161211',97,'09:51','17:32'),(4958,'20161212',97,'',''),(4959,'20161213',97,'',''),(4960,'20161214',97,'09:38','17:30'),(4961,'20161215',97,'09:44',''),(4962,'20161216',97,'09:48','17:37'),(4963,'20161217',97,'','17:32'),(4964,'20161218',97,'09:14','17:31'),(4965,'20161219',97,'',''),(4966,'20161220',97,'',''),(4967,'20161221',97,'09:14','17:12'),(4968,'20161222',97,'09:50','17:01'),(4969,'20161223',97,'09:21','17:08'),(4970,'20161224',97,'',''),(4971,'20161225',97,'',''),(4972,'20161226',97,'',''),(4973,'20161227',97,'',''),(4974,'20161228',97,'','17:21'),(4975,'20161229',97,'09:47','17:31'),(4976,'20161230',97,'10:02','17:31'),(4977,'20161231',97,'09:59',''),(4978,'20170201',122,'',''),(4979,'20170202',122,'09:09','17:33'),(4980,'20170203',122,'08:18','17:31'),(4981,'20170204',122,'08:33','17:32'),(4982,'20170205',122,'08:45','17:32'),(4983,'20170206',122,'',''),(4984,'20170207',122,'',''),(4985,'20170208',122,'',''),(4986,'20170209',122,'',''),(4987,'20170210',122,'',''),(4988,'20170211',122,'',''),(4989,'20170212',122,'08:42','17:42'),(4990,'20170213',122,'',''),(4991,'20170214',122,'',''),(4992,'20170215',122,'',''),(4993,'20170216',122,'',''),(4994,'20170217',122,'',''),(4995,'20170218',122,'',''),(4996,'20170219',122,'',''),(4997,'20170220',122,'',''),(4998,'20170221',122,'',''),(4999,'20170222',122,'',''),(5000,'20170223',122,'09:19','15:00'),(5001,'20170224',122,'',''),(5002,'20170225',122,'',''),(5003,'20170226',122,'',''),(5004,'20170227',122,'',''),(5005,'20170228',122,'',''),(5006,'20170229',122,'',''),(5007,'20170301',122,'',''),(5008,'20170302',122,'',''),(5009,'20170201',134,'07:47','17:36'),(5010,'20170202',134,'07:43',''),(5011,'20170203',134,'08:03','17:31'),(5012,'20170204',134,'08:17','17:34'),(5013,'20170205',134,'07:52','17:39'),(5014,'20170206',134,'',''),(5015,'20170207',134,'',''),(5016,'20170208',134,'',''),(5017,'20170209',134,'08:06','18:56'),(5018,'20170210',134,'08:06','17:31'),(5019,'20170211',134,'07:46','17:31'),(5020,'20170212',134,'08:00','17:36'),(5021,'20170213',134,'',''),(5022,'20170214',134,'',''),(5023,'20170215',134,'08:01','17:39'),(5024,'20170216',134,'07:57','17:35'),(5025,'20170217',134,'',''),(5026,'20170218',134,'07:54','17:33'),(5027,'20170219',134,'07:57','17:30'),(5028,'20170220',134,'',''),(5029,'20170221',134,'',''),(5030,'20170222',134,'07:53','17:37'),(5031,'20170223',134,'07:58',''),(5032,'20170224',134,'07:42','17:30'),(5033,'20170225',134,'07:51','17:31'),(5034,'20170226',134,'07:59','18:35'),(5035,'20170227',134,'',''),(5036,'20170228',134,'',''),(5037,'20170229',134,'',''),(5038,'20170301',134,'',''),(5039,'20170302',134,'',''),(5040,'20170201',50,'',''),(5041,'20170202',50,'',''),(5042,'20170203',50,'',''),(5043,'20170204',50,'',''),(5044,'20170205',50,'',''),(5045,'20170206',50,'',''),(5046,'20170207',50,'',''),(5047,'20170208',50,'',''),(5048,'20170209',50,'',''),(5049,'20170210',50,'',''),(5050,'20170211',50,'',''),(5051,'20170212',50,'',''),(5052,'20170213',50,'',''),(5053,'20170214',50,'',''),(5054,'20170215',50,'',''),(5055,'20170216',50,'',''),(5056,'20170217',50,'',''),(5057,'20170218',50,'',''),(5058,'20170219',50,'',''),(5059,'20170220',50,'',''),(5060,'20170221',50,'',''),(5061,'20170222',50,'',''),(5062,'20170223',50,'',''),(5063,'20170224',50,'',''),(5064,'20170225',50,'',''),(5065,'20170226',50,'',''),(5066,'20170227',50,'',''),(5067,'20170228',50,'',''),(5068,'20170229',50,'',''),(5069,'20170301',50,'',''),(5070,'20170302',50,'',''),(5071,'20170201',73,'08:32','17:31'),(5072,'20170202',73,'08:31','18:09'),(5073,'20170203',73,'08:24','17:31'),(5074,'20170204',73,'08:32','17:35'),(5075,'20170205',73,'08:21','17:31'),(5076,'20170206',73,'',''),(5077,'20170207',73,'',''),(5078,'20170208',73,'',''),(5079,'20170209',73,'08:35','17:32'),(5080,'20170210',73,'08:33','17:38'),(5081,'20170211',73,'08:34','17:31'),(5082,'20170212',73,'08:20','17:37'),(5083,'20170213',73,'',''),(5084,'20170214',73,'',''),(5085,'20170215',73,'08:34','17:30'),(5086,'20170216',73,'08:04','17:33'),(5087,'20170217',73,'08:34','17:34'),(5088,'20170218',73,'08:30','17:32'),(5089,'20170219',73,'08:25','17:31'),(5090,'20170220',73,'',''),(5091,'20170221',73,'',''),(5092,'20170222',73,'08:33','18:09'),(5093,'20170223',73,'08:18','17:32'),(5094,'20170224',73,'08:18','17:30'),(5095,'20170225',73,'08:30','17:34'),(5096,'20170226',73,'08:34','17:36'),(5097,'20170227',73,'',''),(5098,'20170228',73,'',''),(5099,'20170229',73,'08:34','17:33'),(5100,'20170301',73,'',''),(5101,'20170302',73,'',''),(5102,'20170201',82,'08:33','17:31'),(5103,'20170202',82,'08:32',''),(5104,'20170203',82,'08:24','17:30'),(5105,'20170204',82,'08:32','17:33'),(5106,'20170205',82,'08:21','17:32'),(5107,'20170206',82,'',''),(5108,'20170207',82,'',''),(5109,'20170208',82,'',''),(5110,'20170209',82,'08:34','17:32'),(5111,'20170210',82,'',''),(5112,'20170211',82,'',''),(5113,'20170212',82,'08:19','17:36'),(5114,'20170213',82,'',''),(5115,'20170214',82,'',''),(5116,'20170215',82,'08:34','17:31'),(5117,'20170216',82,'08:04','17:33'),(5118,'20170217',82,'08:35','17:33'),(5119,'20170218',82,'08:29','17:33'),(5120,'20170219',82,'08:24','17:31'),(5121,'20170220',82,'',''),(5122,'20170221',82,'',''),(5123,'20170222',82,'08:33','17:31'),(5124,'20170223',82,'08:18','17:32'),(5125,'20170224',82,'08:18','17:30'),(5126,'20170225',82,'08:30','17:34'),(5127,'20170226',82,'08:35','17:36'),(5128,'20170227',82,'',''),(5129,'20170228',82,'',''),(5130,'20170229',82,'08:34','17:31'),(5131,'20170301',82,'',''),(5132,'20170302',82,'',''),(5133,'20170201',93,'08:34','17:31'),(5134,'20170202',93,'08:35',''),(5135,'20170203',93,'08:34','17:30'),(5136,'20170204',93,'08:34','17:32'),(5137,'20170205',93,'08:35',''),(5138,'20170206',93,'',''),(5139,'20170207',93,'',''),(5140,'20170208',93,'',''),(5141,'20170209',93,'08:35','17:30'),(5142,'20170210',93,'08:34','17:31'),(5143,'20170211',93,'08:35','17:30'),(5144,'20170212',93,'08:33','17:31'),(5145,'20170213',93,'',''),(5146,'20170214',93,'',''),(5147,'20170215',93,'09:33','17:30'),(5148,'20170216',93,'',''),(5149,'20170217',93,'',''),(5150,'20170218',93,'08:51','17:32'),(5151,'20170219',93,'','17:30'),(5152,'20170220',93,'',''),(5153,'20170221',93,'',''),(5154,'20170222',93,'',''),(5155,'20170223',93,'',''),(5156,'20170224',93,'08:34','17:30'),(5157,'20170225',93,'08:34','17:31'),(5158,'20170226',93,'08:35','17:30'),(5159,'20170227',93,'',''),(5160,'20170228',93,'',''),(5161,'20170229',93,'09:50','17:32'),(5162,'20170301',93,'',''),(5163,'20170302',93,'',''),(5164,'20170201',96,'','18:58'),(5165,'20170202',96,'11:37','17:50'),(5166,'20170203',96,'10:48','17:30'),(5167,'20170204',96,'10:45','17:34'),(5168,'20170205',96,'','17:32'),(5169,'20170206',96,'',''),(5170,'20170207',96,'',''),(5171,'20170208',96,'',''),(5172,'20170209',96,'','18:45'),(5173,'20170210',96,'11:14','17:31'),(5174,'20170211',96,'','17:30'),(5175,'20170212',96,'10:35','17:32'),(5176,'20170213',96,'',''),(5177,'20170214',96,'',''),(5178,'20170215',96,'',''),(5179,'20170216',96,'','17:34'),(5180,'20170217',96,'','17:34'),(5181,'20170218',96,'10:32',''),(5182,'20170219',96,'',''),(5183,'20170220',96,'',''),(5184,'20170221',96,'',''),(5185,'20170222',96,'',''),(5186,'20170223',96,'','17:30'),(5187,'20170224',96,'10:51','17:30'),(5188,'20170225',96,'10:39','17:31'),(5189,'20170226',96,'11:20','17:59'),(5190,'20170227',96,'',''),(5191,'20170228',96,'',''),(5192,'20170229',96,'10:31',''),(5193,'20170301',96,'',''),(5194,'20170302',96,'',''),(5195,'20170201',97,'','17:30'),(5196,'20170202',97,'10:55',''),(5197,'20170203',97,'09:55','17:30'),(5198,'20170204',97,'09:52','17:32'),(5199,'20170205',97,'09:54','17:32'),(5200,'20170206',97,'',''),(5201,'20170207',97,'',''),(5202,'20170208',97,'',''),(5203,'20170209',97,'',''),(5204,'20170210',97,'09:48','17:31'),(5205,'20170211',97,'10:06','17:30'),(5206,'20170212',97,'10:05','17:32'),(5207,'20170213',97,'',''),(5208,'20170214',97,'',''),(5209,'20170215',97,'09:44','17:31'),(5210,'20170216',97,'09:41','17:32'),(5211,'20170217',97,'10:40','17:33'),(5212,'20170218',97,'09:44',''),(5213,'20170219',97,'09:42','17:30'),(5214,'20170220',97,'',''),(5215,'20170221',97,'',''),(5216,'20170222',97,'09:39','17:31'),(5217,'20170223',97,'09:35','17:30'),(5218,'20170224',97,'10:05','17:31'),(5219,'20170225',97,'09:40','17:30'),(5220,'20170226',97,'09:40','17:31'),(5221,'20170227',97,'',''),(5222,'20170228',97,'',''),(5223,'20170229',97,'09:56','17:33'),(5224,'20170301',97,'',''),(5225,'20170302',97,'',''),(5226,'20170201',160,'',''),(5227,'20170202',160,'',''),(5228,'20170203',160,'',''),(5229,'20170204',160,'',''),(5230,'20170205',160,'',''),(5231,'20170206',160,'',''),(5232,'20170207',160,'',''),(5233,'20170208',160,'',''),(5234,'20170209',160,'',''),(5235,'20170210',160,'',''),(5236,'20170211',160,'',''),(5237,'20170212',160,'',''),(5238,'20170213',160,'',''),(5239,'20170214',160,'',''),(5240,'20170215',160,'',''),(5241,'20170216',160,'',''),(5242,'20170217',160,'',''),(5243,'20170218',160,'',''),(5244,'20170219',160,'',''),(5245,'20170220',160,'',''),(5246,'20170221',160,'',''),(5247,'20170222',160,'',''),(5248,'20170223',160,'',''),(5249,'20170224',160,'',''),(5250,'20170225',160,'',''),(5251,'20170226',160,'',''),(5252,'20170227',160,'',''),(5253,'20170228',160,'',''),(5254,'20170229',160,'',''),(5255,'20170301',160,'',''),(5256,'20170302',160,'',''),(5257,'20170201',177,'08:05','19:05'),(5258,'20170202',177,'08:02','21:56'),(5259,'20170203',177,'08:13','18:00'),(5260,'20170204',177,'08:31','18:50'),(5261,'20170205',177,'08:23','17:33'),(5262,'20170206',177,'',''),(5263,'20170207',177,'',''),(5264,'20170208',177,'',''),(5265,'20170209',177,'',''),(5266,'20170210',177,'08:05','18:39'),(5267,'20170211',177,'08:20','18:43'),(5268,'20170212',177,'08:10','17:30'),(5269,'20170213',177,'',''),(5270,'20170214',177,'',''),(5271,'20170215',177,'08:31','18:30'),(5272,'20170216',177,'08:05','19:30'),(5273,'20170217',177,'08:31','20:07'),(5274,'20170218',177,'08:27','23:12'),(5275,'20170219',177,'08:32',''),(5276,'20170220',177,'',''),(5277,'20170221',177,'',''),(5278,'20170222',177,'08:03','21:34'),(5279,'20170223',177,'07:59','22:07'),(5280,'20170224',177,'08:16','18:13'),(5281,'20170225',177,'08:06','18:30'),(5282,'20170226',177,'07:53',''),(5283,'20170227',177,'',''),(5284,'20170228',177,'',''),(5285,'20170229',177,'08:11','18:30'),(5286,'20170301',177,'',''),(5287,'20170302',177,'',''),(5288,'20170201',190,'08:35','17:30'),(5289,'20170202',190,'08:34','17:33'),(5290,'20170203',190,'08:27','18:07'),(5291,'20170204',190,'08:35','18:51'),(5292,'20170205',190,'08:33','17:33'),(5293,'20170206',190,'',''),(5294,'20170207',190,'',''),(5295,'20170208',190,'',''),(5296,'20170209',190,'08:34','18:29'),(5297,'20170210',190,'08:34','18:39'),(5298,'20170211',190,'08:32','18:43'),(5299,'20170212',190,'08:29','18:04'),(5300,'20170213',190,'',''),(5301,'20170214',190,'',''),(5302,'20170215',190,'08:22','17:38'),(5303,'20170216',190,'08:34','17:35'),(5304,'20170217',190,'08:34','18:31'),(5305,'20170218',190,'08:19','17:35'),(5306,'20170219',190,'08:30',''),(5307,'20170220',190,'',''),(5308,'20170221',190,'',''),(5309,'20170222',190,'08:33','18:13'),(5310,'20170223',190,'08:18','17:40'),(5311,'20170224',190,'08:19','17:33'),(5312,'20170225',190,'08:35','17:32'),(5313,'20170226',190,'08:30','17:33'),(5314,'20170227',190,'',''),(5315,'20170228',190,'',''),(5316,'20170229',190,'08:32','17:31'),(5317,'20170301',190,'',''),(5318,'20170302',190,'',''),(5319,'20170201',192,'08:18','17:53'),(5320,'20170202',192,'08:03','17:52'),(5321,'20170203',192,'08:52','17:36'),(5322,'20170204',192,'07:41','17:33'),(5323,'20170205',192,'07:49',''),(5324,'20170206',192,'',''),(5325,'20170207',192,'',''),(5326,'20170208',192,'',''),(5327,'20170209',192,'',''),(5328,'20170210',192,'08:28','17:38'),(5329,'20170211',192,'08:23','17:33'),(5330,'20170212',192,'07:53','17:33'),(5331,'20170213',192,'',''),(5332,'20170214',192,'',''),(5333,'20170215',192,'08:22','18:03'),(5334,'20170216',192,'07:45','17:35'),(5335,'20170217',192,'08:17','18:06'),(5336,'20170218',192,'08:31','17:31'),(5337,'20170219',192,'08:16','17:11'),(5338,'20170220',192,'',''),(5339,'20170221',192,'',''),(5340,'20170222',192,'08:33','17:31'),(5341,'20170223',192,'08:06','17:32'),(5342,'20170224',192,'09:07','17:30'),(5343,'20170225',192,'09:05','17:30'),(5344,'20170226',192,'09:51','18:05'),(5345,'20170227',192,'',''),(5346,'20170228',192,'',''),(5347,'20170229',192,'',''),(5348,'20170301',192,'',''),(5349,'20170302',192,'',''),(5350,'20170201',31,'08:23','18:40'),(5351,'20170202',31,'','18:52'),(5352,'20170203',31,'',''),(5353,'20170204',31,'',''),(5354,'20170205',31,'',''),(5355,'20170206',31,'',''),(5356,'20170207',31,'',''),(5357,'20170208',31,'',''),(5358,'20170209',31,'',''),(5359,'20170210',31,'','17:34'),(5360,'20170211',31,'',''),(5361,'20170212',31,'',''),(5362,'20170213',31,'',''),(5363,'20170214',31,'',''),(5364,'20170215',31,'',''),(5365,'20170216',31,'',''),(5366,'20170217',31,'',''),(5367,'20170218',31,'',''),(5368,'20170219',31,'',''),(5369,'20170220',31,'',''),(5370,'20170221',31,'',''),(5371,'20170222',31,'',''),(5372,'20170223',31,'',''),(5373,'20170224',31,'',''),(5374,'20170225',31,'',''),(5375,'20170226',31,'',''),(5376,'20170227',31,'',''),(5377,'20170228',31,'',''),(5378,'20170229',31,'',''),(5379,'20170301',31,'',''),(5380,'20170302',31,'',''),(5381,'20170201',32,'','13:33'),(5382,'20170202',32,'','13:03'),(5383,'20170203',32,'','16:29'),(5384,'20170204',32,'','17:41'),(5385,'20170205',32,'07:33',''),(5386,'20170206',32,'',''),(5387,'20170207',32,'',''),(5388,'20170208',32,'',''),(5389,'20170209',32,'',''),(5390,'20170210',32,'',''),(5391,'20170211',32,'',''),(5392,'20170212',32,'','17:40'),(5393,'20170213',32,'',''),(5394,'20170214',32,'',''),(5395,'20170215',32,'','17:50'),(5396,'20170216',32,'08:26','18:16'),(5397,'20170217',32,'08:29','15:09'),(5398,'20170218',32,'','17:42'),(5399,'20170219',32,'07:15','18:07'),(5400,'20170220',32,'',''),(5401,'20170221',32,'',''),(5402,'20170222',32,'08:37','17:54'),(5403,'20170223',32,'','18:18'),(5404,'20170224',32,'','17:58'),(5405,'20170225',32,'07:27','19:10'),(5406,'20170226',32,'','18:34'),(5407,'20170227',32,'',''),(5408,'20170228',32,'',''),(5409,'20170229',32,'','19:03'),(5410,'20170301',32,'',''),(5411,'20170302',32,'',''),(5412,'20170201',1,'',''),(5413,'20170202',1,'',''),(5414,'20170203',1,'',''),(5415,'20170204',1,'',''),(5416,'20170205',1,'',''),(5417,'20170206',1,'',''),(5418,'20170207',1,'',''),(5419,'20170208',1,'',''),(5420,'20170209',1,'',''),(5421,'20170210',1,'',''),(5422,'20170211',1,'',''),(5423,'20170212',1,'',''),(5424,'20170213',1,'',''),(5425,'20170214',1,'',''),(5426,'20170215',1,'',''),(5427,'20170216',1,'',''),(5428,'20170217',1,'',''),(5429,'20170218',1,'',''),(5430,'20170219',1,'',''),(5431,'20170220',1,'',''),(5432,'20170221',1,'',''),(5433,'20170222',1,'',''),(5434,'20170223',1,'',''),(5435,'20170224',1,'',''),(5436,'20170225',1,'',''),(5437,'20170226',1,'',''),(5438,'20170227',1,'',''),(5439,'20170228',1,'',''),(5440,'20170229',1,'',''),(5441,'20170301',1,'',''),(5442,'20170302',1,'',''),(5443,'20170201',10,'','18:02'),(5444,'20170202',10,'','17:58'),(5445,'20170203',10,'08:26','17:35'),(5446,'20170204',10,'08:19','21:54'),(5447,'20170205',10,'','19:00'),(5448,'20170206',10,'',''),(5449,'20170207',10,'',''),(5450,'20170208',10,'',''),(5451,'20170209',10,'08:26','18:15'),(5452,'20170210',10,'','17:35'),(5453,'20170211',10,'','23:24'),(5454,'20170212',10,'','17:46'),(5455,'20170213',10,'',''),(5456,'20170214',10,'',''),(5457,'20170215',10,'',''),(5458,'20170216',10,'','18:36'),(5459,'20170217',10,'','17:32'),(5460,'20170218',10,'','17:43'),(5461,'20170219',10,'',''),(5462,'20170220',10,'',''),(5463,'20170221',10,'',''),(5464,'20170222',10,'','17:41'),(5465,'20170223',10,'','20:04'),(5466,'20170224',10,'',''),(5467,'20170225',10,'','17:47'),(5468,'20170226',10,'',''),(5469,'20170227',10,'',''),(5470,'20170228',10,'',''),(5471,'20170229',10,'08:33','18:10'),(5472,'20170301',10,'',''),(5473,'20170302',10,'',''),(5474,'20170201',108,'',''),(5475,'20170202',108,'',''),(5476,'20170203',108,'',''),(5477,'20170204',108,'',''),(5478,'20170205',108,'',''),(5479,'20170206',108,'',''),(5480,'20170207',108,'',''),(5481,'20170208',108,'',''),(5482,'20170209',108,'',''),(5483,'20170210',108,'',''),(5484,'20170211',108,'',''),(5485,'20170212',108,'',''),(5486,'20170213',108,'',''),(5487,'20170214',108,'',''),(5488,'20170215',108,'',''),(5489,'20170216',108,'',''),(5490,'20170217',108,'',''),(5491,'20170218',108,'',''),(5492,'20170219',108,'',''),(5493,'20170220',108,'',''),(5494,'20170221',108,'',''),(5495,'20170222',108,'',''),(5496,'20170223',108,'',''),(5497,'20170224',108,'',''),(5498,'20170225',108,'',''),(5499,'20170226',108,'',''),(5500,'20170227',108,'',''),(5501,'20170228',108,'',''),(5502,'20170229',108,'',''),(5503,'20170301',108,'',''),(5504,'20170302',108,'',''),(5505,'20170201',11,'',''),(5506,'20170202',11,'',''),(5507,'20170203',11,'',''),(5508,'20170204',11,'',''),(5509,'20170205',11,'',''),(5510,'20170206',11,'',''),(5511,'20170207',11,'',''),(5512,'20170208',11,'',''),(5513,'20170209',11,'',''),(5514,'20170210',11,'',''),(5515,'20170211',11,'',''),(5516,'20170212',11,'',''),(5517,'20170213',11,'',''),(5518,'20170214',11,'',''),(5519,'20170215',11,'',''),(5520,'20170216',11,'',''),(5521,'20170217',11,'',''),(5522,'20170218',11,'',''),(5523,'20170219',11,'',''),(5524,'20170220',11,'',''),(5525,'20170221',11,'',''),(5526,'20170222',11,'',''),(5527,'20170223',11,'',''),(5528,'20170224',11,'',''),(5529,'20170225',11,'',''),(5530,'20170226',11,'',''),(5531,'20170227',11,'',''),(5532,'20170228',11,'',''),(5533,'20170229',11,'',''),(5534,'20170301',11,'',''),(5535,'20170302',11,'',''),(5536,'20170201',111,'',''),(5537,'20170202',111,'',''),(5538,'20170203',111,'',''),(5539,'20170204',111,'',''),(5540,'20170205',111,'',''),(5541,'20170206',111,'',''),(5542,'20170207',111,'',''),(5543,'20170208',111,'',''),(5544,'20170209',111,'',''),(5545,'20170210',111,'',''),(5546,'20170211',111,'',''),(5547,'20170212',111,'',''),(5548,'20170213',111,'',''),(5549,'20170214',111,'',''),(5550,'20170215',111,'',''),(5551,'20170216',111,'',''),(5552,'20170217',111,'',''),(5553,'20170218',111,'',''),(5554,'20170219',111,'',''),(5555,'20170220',111,'',''),(5556,'20170221',111,'',''),(5557,'20170222',111,'',''),(5558,'20170223',111,'',''),(5559,'20170224',111,'',''),(5560,'20170225',111,'',''),(5561,'20170226',111,'',''),(5562,'20170227',111,'',''),(5563,'20170228',111,'',''),(5564,'20170229',111,'',''),(5565,'20170301',111,'',''),(5566,'20170302',111,'',''),(5567,'20170201',12,'','18:01'),(5568,'20170202',12,'','18:20'),(5569,'20170203',12,'','17:32'),(5570,'20170204',12,'','19:20'),(5571,'20170205',12,'',''),(5572,'20170206',12,'',''),(5573,'20170207',12,'',''),(5574,'20170208',12,'',''),(5575,'20170209',12,'','18:55'),(5576,'20170210',12,'','17:30'),(5577,'20170211',12,'','19:02'),(5578,'20170212',12,'',''),(5579,'20170213',12,'',''),(5580,'20170214',12,'',''),(5581,'20170215',12,'','17:51'),(5582,'20170216',12,'','18:32'),(5583,'20170217',12,'','17:31'),(5584,'20170218',12,'','18:14'),(5585,'20170219',12,'','19:54'),(5586,'20170220',12,'',''),(5587,'20170221',12,'',''),(5588,'20170222',12,'',''),(5589,'20170223',12,'','18:34'),(5590,'20170224',12,'',''),(5591,'20170225',12,'','18:56'),(5592,'20170226',12,'','19:13'),(5593,'20170227',12,'',''),(5594,'20170228',12,'',''),(5595,'20170229',12,'','18:47'),(5596,'20170301',12,'',''),(5597,'20170302',12,'',''),(5598,'20170201',121,'',''),(5599,'20170202',121,'',''),(5600,'20170203',121,'',''),(5601,'20170204',121,'',''),(5602,'20170205',121,'',''),(5603,'20170206',121,'',''),(5604,'20170207',121,'',''),(5605,'20170208',121,'',''),(5606,'20170209',121,'',''),(5607,'20170210',121,'',''),(5608,'20170211',121,'',''),(5609,'20170212',121,'',''),(5610,'20170213',121,'',''),(5611,'20170214',121,'',''),(5612,'20170215',121,'',''),(5613,'20170216',121,'',''),(5614,'20170217',121,'',''),(5615,'20170218',121,'',''),(5616,'20170219',121,'',''),(5617,'20170220',121,'',''),(5618,'20170221',121,'',''),(5619,'20170222',121,'',''),(5620,'20170223',121,'',''),(5621,'20170224',121,'',''),(5622,'20170225',121,'',''),(5623,'20170226',121,'',''),(5624,'20170227',121,'',''),(5625,'20170228',121,'',''),(5626,'20170229',121,'',''),(5627,'20170301',121,'',''),(5628,'20170302',121,'',''),(5629,'20170201',127,'',''),(5630,'20170202',127,'',''),(5631,'20170203',127,'',''),(5632,'20170204',127,'',''),(5633,'20170205',127,'',''),(5634,'20170206',127,'',''),(5635,'20170207',127,'',''),(5636,'20170208',127,'',''),(5637,'20170209',127,'',''),(5638,'20170210',127,'',''),(5639,'20170211',127,'',''),(5640,'20170212',127,'',''),(5641,'20170213',127,'',''),(5642,'20170214',127,'',''),(5643,'20170215',127,'',''),(5644,'20170216',127,'',''),(5645,'20170217',127,'',''),(5646,'20170218',127,'',''),(5647,'20170219',127,'',''),(5648,'20170220',127,'',''),(5649,'20170221',127,'',''),(5650,'20170222',127,'',''),(5651,'20170223',127,'',''),(5652,'20170224',127,'',''),(5653,'20170225',127,'',''),(5654,'20170226',127,'',''),(5655,'20170227',127,'',''),(5656,'20170228',127,'',''),(5657,'20170229',127,'',''),(5658,'20170301',127,'',''),(5659,'20170302',127,'',''),(5660,'20170201',128,'',''),(5661,'20170202',128,'',''),(5662,'20170203',128,'08:28','17:36'),(5663,'20170204',128,'08:30','19:16'),(5664,'20170205',128,'','18:36'),(5665,'20170206',128,'',''),(5666,'20170207',128,'',''),(5667,'20170208',128,'',''),(5668,'20170209',128,'','18:38'),(5669,'20170210',128,'',''),(5670,'20170211',128,'','23:24'),(5671,'20170212',128,'','01:14'),(5672,'20170213',128,'',''),(5673,'20170214',128,'',''),(5674,'20170215',128,'','18:37'),(5675,'20170216',128,'',''),(5676,'20170217',128,'',''),(5677,'20170218',128,'','18:49'),(5678,'20170219',128,'','19:54'),(5679,'20170220',128,'',''),(5680,'20170221',128,'',''),(5681,'20170222',128,'',''),(5682,'20170223',128,'',''),(5683,'20170224',128,'',''),(5684,'20170225',128,'',''),(5685,'20170226',128,'',''),(5686,'20170227',128,'',''),(5687,'20170228',128,'',''),(5688,'20170229',128,'',''),(5689,'20170301',128,'',''),(5690,'20170302',128,'',''),(5691,'20170201',129,'',''),(5692,'20170202',129,'',''),(5693,'20170203',129,'',''),(5694,'20170204',129,'',''),(5695,'20170205',129,'',''),(5696,'20170206',129,'',''),(5697,'20170207',129,'',''),(5698,'20170208',129,'',''),(5699,'20170209',129,'',''),(5700,'20170210',129,'',''),(5701,'20170211',129,'',''),(5702,'20170212',129,'',''),(5703,'20170213',129,'',''),(5704,'20170214',129,'',''),(5705,'20170215',129,'',''),(5706,'20170216',129,'',''),(5707,'20170217',129,'',''),(5708,'20170218',129,'',''),(5709,'20170219',129,'',''),(5710,'20170220',129,'',''),(5711,'20170221',129,'',''),(5712,'20170222',129,'',''),(5713,'20170223',129,'',''),(5714,'20170224',129,'',''),(5715,'20170225',129,'',''),(5716,'20170226',129,'',''),(5717,'20170227',129,'',''),(5718,'20170228',129,'',''),(5719,'20170229',129,'',''),(5720,'20170301',129,'',''),(5721,'20170302',129,'',''),(5722,'20170201',13,'',''),(5723,'20170202',13,'',''),(5724,'20170203',13,'',''),(5725,'20170204',13,'',''),(5726,'20170205',13,'',''),(5727,'20170206',13,'',''),(5728,'20170207',13,'',''),(5729,'20170208',13,'',''),(5730,'20170209',13,'',''),(5731,'20170210',13,'',''),(5732,'20170211',13,'',''),(5733,'20170212',13,'',''),(5734,'20170213',13,'',''),(5735,'20170214',13,'',''),(5736,'20170215',13,'',''),(5737,'20170216',13,'',''),(5738,'20170217',13,'',''),(5739,'20170218',13,'',''),(5740,'20170219',13,'',''),(5741,'20170220',13,'',''),(5742,'20170221',13,'',''),(5743,'20170222',13,'',''),(5744,'20170223',13,'',''),(5745,'20170224',13,'',''),(5746,'20170225',13,'',''),(5747,'20170226',13,'',''),(5748,'20170227',13,'',''),(5749,'20170228',13,'',''),(5750,'20170229',13,'',''),(5751,'20170301',13,'',''),(5752,'20170302',13,'',''),(5753,'20170201',138,'',''),(5754,'20170202',138,'',''),(5755,'20170203',138,'',''),(5756,'20170204',138,'',''),(5757,'20170205',138,'',''),(5758,'20170206',138,'',''),(5759,'20170207',138,'',''),(5760,'20170208',138,'',''),(5761,'20170209',138,'',''),(5762,'20170210',138,'',''),(5763,'20170211',138,'',''),(5764,'20170212',138,'',''),(5765,'20170213',138,'',''),(5766,'20170214',138,'',''),(5767,'20170215',138,'',''),(5768,'20170216',138,'',''),(5769,'20170217',138,'',''),(5770,'20170218',138,'',''),(5771,'20170219',138,'',''),(5772,'20170220',138,'',''),(5773,'20170221',138,'',''),(5774,'20170222',138,'',''),(5775,'20170223',138,'',''),(5776,'20170224',138,'',''),(5777,'20170225',138,'',''),(5778,'20170226',138,'',''),(5779,'20170227',138,'',''),(5780,'20170228',138,'',''),(5781,'20170229',138,'',''),(5782,'20170301',138,'',''),(5783,'20170302',138,'',''),(5784,'20170201',14,'',''),(5785,'20170202',14,'',''),(5786,'20170203',14,'',''),(5787,'20170204',14,'',''),(5788,'20170205',14,'',''),(5789,'20170206',14,'',''),(5790,'20170207',14,'',''),(5791,'20170208',14,'',''),(5792,'20170209',14,'',''),(5793,'20170210',14,'',''),(5794,'20170211',14,'',''),(5795,'20170212',14,'',''),(5796,'20170213',14,'',''),(5797,'20170214',14,'',''),(5798,'20170215',14,'',''),(5799,'20170216',14,'',''),(5800,'20170217',14,'',''),(5801,'20170218',14,'',''),(5802,'20170219',14,'',''),(5803,'20170220',14,'',''),(5804,'20170221',14,'',''),(5805,'20170222',14,'',''),(5806,'20170223',14,'',''),(5807,'20170224',14,'',''),(5808,'20170225',14,'',''),(5809,'20170226',14,'',''),(5810,'20170227',14,'',''),(5811,'20170228',14,'',''),(5812,'20170229',14,'',''),(5813,'20170301',14,'',''),(5814,'20170302',14,'',''),(5815,'20170201',143,'08:26','19:41'),(5816,'20170202',143,'11:22','18:39'),(5817,'20170203',143,'10:46','17:42'),(5818,'20170204',143,'09:03',''),(5819,'20170205',143,'09:38','17:30'),(5820,'20170206',143,'',''),(5821,'20170207',143,'',''),(5822,'20170208',143,'',''),(5823,'20170209',143,'','21:09'),(5824,'20170210',143,'','17:40'),(5825,'20170211',143,'09:10','17:47'),(5826,'20170212',143,'10:41','17:49'),(5827,'20170213',143,'',''),(5828,'20170214',143,'',''),(5829,'20170215',143,'08:40','18:02'),(5830,'20170216',143,'',''),(5831,'20170217',143,'','22:21'),(5832,'20170218',143,'08:16','19:22'),(5833,'20170219',143,'10:14','18:16'),(5834,'20170220',143,'',''),(5835,'20170221',143,'',''),(5836,'20170222',143,'11:22','20:40'),(5837,'20170223',143,'12:38','19:35'),(5838,'20170224',143,'10:55','18:21'),(5839,'20170225',143,'11:48','18:06'),(5840,'20170226',143,'09:56','20:52'),(5841,'20170227',143,'',''),(5842,'20170228',143,'',''),(5843,'20170229',143,'','18:57'),(5844,'20170301',143,'',''),(5845,'20170302',143,'',''),(5846,'20170201',163,'',''),(5847,'20170202',163,'',''),(5848,'20170203',163,'',''),(5849,'20170204',163,'',''),(5850,'20170205',163,'',''),(5851,'20170206',163,'',''),(5852,'20170207',163,'',''),(5853,'20170208',163,'',''),(5854,'20170209',163,'',''),(5855,'20170210',163,'',''),(5856,'20170211',163,'',''),(5857,'20170212',163,'',''),(5858,'20170213',163,'',''),(5859,'20170214',163,'',''),(5860,'20170215',163,'',''),(5861,'20170216',163,'',''),(5862,'20170217',163,'',''),(5863,'20170218',163,'',''),(5864,'20170219',163,'',''),(5865,'20170220',163,'',''),(5866,'20170221',163,'',''),(5867,'20170222',163,'',''),(5868,'20170223',163,'',''),(5869,'20170224',163,'',''),(5870,'20170225',163,'',''),(5871,'20170226',163,'',''),(5872,'20170227',163,'',''),(5873,'20170228',163,'',''),(5874,'20170229',163,'',''),(5875,'20170301',163,'',''),(5876,'20170302',163,'',''),(5877,'20170201',167,'',''),(5878,'20170202',167,'',''),(5879,'20170203',167,'',''),(5880,'20170204',167,'',''),(5881,'20170205',167,'',''),(5882,'20170206',167,'',''),(5883,'20170207',167,'',''),(5884,'20170208',167,'',''),(5885,'20170209',167,'',''),(5886,'20170210',167,'',''),(5887,'20170211',167,'',''),(5888,'20170212',167,'',''),(5889,'20170213',167,'',''),(5890,'20170214',167,'',''),(5891,'20170215',167,'',''),(5892,'20170216',167,'',''),(5893,'20170217',167,'',''),(5894,'20170218',167,'',''),(5895,'20170219',167,'',''),(5896,'20170220',167,'',''),(5897,'20170221',167,'',''),(5898,'20170222',167,'',''),(5899,'20170223',167,'',''),(5900,'20170224',167,'',''),(5901,'20170225',167,'',''),(5902,'20170226',167,'',''),(5903,'20170227',167,'',''),(5904,'20170228',167,'',''),(5905,'20170229',167,'',''),(5906,'20170301',167,'',''),(5907,'20170302',167,'',''),(5908,'20170201',17,'',''),(5909,'20170202',17,'',''),(5910,'20170203',17,'',''),(5911,'20170204',17,'',''),(5912,'20170205',17,'',''),(5913,'20170206',17,'',''),(5914,'20170207',17,'',''),(5915,'20170208',17,'',''),(5916,'20170209',17,'',''),(5917,'20170210',17,'',''),(5918,'20170211',17,'',''),(5919,'20170212',17,'',''),(5920,'20170213',17,'',''),(5921,'20170214',17,'',''),(5922,'20170215',17,'',''),(5923,'20170216',17,'',''),(5924,'20170217',17,'',''),(5925,'20170218',17,'',''),(5926,'20170219',17,'',''),(5927,'20170220',17,'',''),(5928,'20170221',17,'',''),(5929,'20170222',17,'',''),(5930,'20170223',17,'',''),(5931,'20170224',17,'',''),(5932,'20170225',17,'',''),(5933,'20170226',17,'',''),(5934,'20170227',17,'',''),(5935,'20170228',17,'',''),(5936,'20170229',17,'',''),(5937,'20170301',17,'',''),(5938,'20170302',17,'',''),(5939,'20170201',174,'',''),(5940,'20170202',174,'07:17','18:03'),(5941,'20170203',174,'07:33','17:36'),(5942,'20170204',174,'',''),(5943,'20170205',174,'08:14',''),(5944,'20170206',174,'',''),(5945,'20170207',174,'',''),(5946,'20170208',174,'',''),(5947,'20170209',174,'07:31','18:00'),(5948,'20170210',174,'07:06',''),(5949,'20170211',174,'07:00','17:42'),(5950,'20170212',174,'',''),(5951,'20170213',174,'',''),(5952,'20170214',174,'',''),(5953,'20170215',174,'07:04','17:37'),(5954,'20170216',174,'07:11','17:41'),(5955,'20170217',174,'',''),(5956,'20170218',174,'',''),(5957,'20170219',174,'08:04',''),(5958,'20170220',174,'',''),(5959,'20170221',174,'',''),(5960,'20170222',174,'07:04',''),(5961,'20170223',174,'',''),(5962,'20170224',174,'',''),(5963,'20170225',174,'07:58','17:40'),(5964,'20170226',174,'',''),(5965,'20170227',174,'',''),(5966,'20170228',174,'',''),(5967,'20170229',174,'06:59','17:39'),(5968,'20170301',174,'',''),(5969,'20170302',174,'',''),(5970,'20170201',181,'',''),(5971,'20170202',181,'',''),(5972,'20170203',181,'',''),(5973,'20170204',181,'',''),(5974,'20170205',181,'',''),(5975,'20170206',181,'',''),(5976,'20170207',181,'',''),(5977,'20170208',181,'',''),(5978,'20170209',181,'',''),(5979,'20170210',181,'',''),(5980,'20170211',181,'',''),(5981,'20170212',181,'',''),(5982,'20170213',181,'',''),(5983,'20170214',181,'',''),(5984,'20170215',181,'',''),(5985,'20170216',181,'',''),(5986,'20170217',181,'',''),(5987,'20170218',181,'',''),(5988,'20170219',181,'',''),(5989,'20170220',181,'',''),(5990,'20170221',181,'',''),(5991,'20170222',181,'',''),(5992,'20170223',181,'',''),(5993,'20170224',181,'',''),(5994,'20170225',181,'',''),(5995,'20170226',181,'',''),(5996,'20170227',181,'',''),(5997,'20170228',181,'',''),(5998,'20170229',181,'',''),(5999,'20170301',181,'',''),(6000,'20170302',181,'',''),(6001,'20170201',19,'',''),(6002,'20170202',19,'',''),(6003,'20170203',19,'','19:43'),(6004,'20170204',19,'','19:20'),(6005,'20170205',19,'',''),(6006,'20170206',19,'',''),(6007,'20170207',19,'',''),(6008,'20170208',19,'',''),(6009,'20170209',19,'','19:16'),(6010,'20170210',19,'',''),(6011,'20170211',19,'',''),(6012,'20170212',19,'',''),(6013,'20170213',19,'',''),(6014,'20170214',19,'',''),(6015,'20170215',19,'',''),(6016,'20170216',19,'',''),(6017,'20170217',19,'',''),(6018,'20170218',19,'',''),(6019,'20170219',19,'',''),(6020,'20170220',19,'',''),(6021,'20170221',19,'',''),(6022,'20170222',19,'',''),(6023,'20170223',19,'',''),(6024,'20170224',19,'',''),(6025,'20170225',19,'',''),(6026,'20170226',19,'',''),(6027,'20170227',19,'',''),(6028,'20170228',19,'',''),(6029,'20170229',19,'',''),(6030,'20170301',19,'',''),(6031,'20170302',19,'',''),(6032,'20170201',198,'',''),(6033,'20170202',198,'',''),(6034,'20170203',198,'',''),(6035,'20170204',198,'',''),(6036,'20170205',198,'',''),(6037,'20170206',198,'',''),(6038,'20170207',198,'',''),(6039,'20170208',198,'',''),(6040,'20170209',198,'',''),(6041,'20170210',198,'',''),(6042,'20170211',198,'',''),(6043,'20170212',198,'',''),(6044,'20170213',198,'',''),(6045,'20170214',198,'',''),(6046,'20170215',198,'',''),(6047,'20170216',198,'',''),(6048,'20170217',198,'',''),(6049,'20170218',198,'',''),(6050,'20170219',198,'',''),(6051,'20170220',198,'',''),(6052,'20170221',198,'',''),(6053,'20170222',198,'',''),(6054,'20170223',198,'',''),(6055,'20170224',198,'',''),(6056,'20170225',198,'',''),(6057,'20170226',198,'',''),(6058,'20170227',198,'',''),(6059,'20170228',198,'',''),(6060,'20170229',198,'',''),(6061,'20170301',198,'',''),(6062,'20170302',198,'',''),(6063,'20170201',203,'08:06','17:49'),(6064,'20170202',203,'08:13','18:36'),(6065,'20170203',203,'08:08','17:43'),(6066,'20170204',203,'08:26',''),(6067,'20170205',203,'','17:39'),(6068,'20170206',203,'',''),(6069,'20170207',203,'',''),(6070,'20170208',203,'',''),(6071,'20170209',203,'08:03','17:44'),(6072,'20170210',203,'08:01','17:39'),(6073,'20170211',203,'08:23',''),(6074,'20170212',203,'08:11','17:45'),(6075,'20170213',203,'',''),(6076,'20170214',203,'',''),(6077,'20170215',203,'08:27','17:39'),(6078,'20170216',203,'08:13','17:41'),(6079,'20170217',203,'08:37',''),(6080,'20170218',203,'08:07',''),(6081,'20170219',203,'',''),(6082,'20170220',203,'',''),(6083,'20170221',203,'',''),(6084,'20170222',203,'',''),(6085,'20170223',203,'',''),(6086,'20170224',203,'',''),(6087,'20170225',203,'08:31','17:39'),(6088,'20170226',203,'08:18',''),(6089,'20170227',203,'',''),(6090,'20170228',203,'',''),(6091,'20170229',203,'08:16','17:39'),(6092,'20170301',203,'',''),(6093,'20170302',203,'',''),(6094,'20170201',21,'',''),(6095,'20170202',21,'',''),(6096,'20170203',21,'',''),(6097,'20170204',21,'',''),(6098,'20170205',21,'',''),(6099,'20170206',21,'',''),(6100,'20170207',21,'',''),(6101,'20170208',21,'',''),(6102,'20170209',21,'',''),(6103,'20170210',21,'',''),(6104,'20170211',21,'',''),(6105,'20170212',21,'',''),(6106,'20170213',21,'',''),(6107,'20170214',21,'',''),(6108,'20170215',21,'',''),(6109,'20170216',21,'',''),(6110,'20170217',21,'',''),(6111,'20170218',21,'',''),(6112,'20170219',21,'',''),(6113,'20170220',21,'',''),(6114,'20170221',21,'',''),(6115,'20170222',21,'',''),(6116,'20170223',21,'',''),(6117,'20170224',21,'',''),(6118,'20170225',21,'',''),(6119,'20170226',21,'',''),(6120,'20170227',21,'',''),(6121,'20170228',21,'',''),(6122,'20170229',21,'',''),(6123,'20170301',21,'',''),(6124,'20170302',21,'',''),(6125,'20170201',210,'',''),(6126,'20170202',210,'',''),(6127,'20170203',210,'',''),(6128,'20170204',210,'',''),(6129,'20170205',210,'',''),(6130,'20170206',210,'',''),(6131,'20170207',210,'',''),(6132,'20170208',210,'',''),(6133,'20170209',210,'',''),(6134,'20170210',210,'',''),(6135,'20170211',210,'',''),(6136,'20170212',210,'',''),(6137,'20170213',210,'',''),(6138,'20170214',210,'',''),(6139,'20170215',210,'',''),(6140,'20170216',210,'',''),(6141,'20170217',210,'','17:37'),(6142,'20170218',210,'07:50','17:34'),(6143,'20170219',210,'07:13',''),(6144,'20170220',210,'',''),(6145,'20170221',210,'',''),(6146,'20170222',210,'',''),(6147,'20170223',210,'',''),(6148,'20170224',210,'',''),(6149,'20170225',210,'',''),(6150,'20170226',210,'',''),(6151,'20170227',210,'',''),(6152,'20170228',210,'',''),(6153,'20170229',210,'',''),(6154,'20170301',210,'',''),(6155,'20170302',210,'',''),(6156,'20170201',211,'',''),(6157,'20170202',211,'',''),(6158,'20170203',211,'',''),(6159,'20170204',211,'',''),(6160,'20170205',211,'',''),(6161,'20170206',211,'',''),(6162,'20170207',211,'',''),(6163,'20170208',211,'',''),(6164,'20170209',211,'',''),(6165,'20170210',211,'',''),(6166,'20170211',211,'',''),(6167,'20170212',211,'',''),(6168,'20170213',211,'',''),(6169,'20170214',211,'',''),(6170,'20170215',211,'',''),(6171,'20170216',211,'',''),(6172,'20170217',211,'',''),(6173,'20170218',211,'',''),(6174,'20170219',211,'',''),(6175,'20170220',211,'',''),(6176,'20170221',211,'',''),(6177,'20170222',211,'10:32',''),(6178,'20170223',211,'',''),(6179,'20170224',211,'',''),(6180,'20170225',211,'',''),(6181,'20170226',211,'',''),(6182,'20170227',211,'',''),(6183,'20170228',211,'',''),(6184,'20170229',211,'',''),(6185,'20170301',211,'',''),(6186,'20170302',211,'',''),(6187,'20170201',212,'',''),(6188,'20170202',212,'',''),(6189,'20170203',212,'',''),(6190,'20170204',212,'',''),(6191,'20170205',212,'',''),(6192,'20170206',212,'',''),(6193,'20170207',212,'',''),(6194,'20170208',212,'',''),(6195,'20170209',212,'',''),(6196,'20170210',212,'',''),(6197,'20170211',212,'',''),(6198,'20170212',212,'',''),(6199,'20170213',212,'',''),(6200,'20170214',212,'',''),(6201,'20170215',212,'',''),(6202,'20170216',212,'',''),(6203,'20170217',212,'',''),(6204,'20170218',212,'',''),(6205,'20170219',212,'',''),(6206,'20170220',212,'',''),(6207,'20170221',212,'',''),(6208,'20170222',212,'',''),(6209,'20170223',212,'',''),(6210,'20170224',212,'',''),(6211,'20170225',212,'',''),(6212,'20170226',212,'',''),(6213,'20170227',212,'',''),(6214,'20170228',212,'',''),(6215,'20170229',212,'',''),(6216,'20170301',212,'',''),(6217,'20170302',212,'',''),(6218,'20170201',214,'',''),(6219,'20170202',214,'',''),(6220,'20170203',214,'',''),(6221,'20170204',214,'',''),(6222,'20170205',214,'',''),(6223,'20170206',214,'',''),(6224,'20170207',214,'',''),(6225,'20170208',214,'',''),(6226,'20170209',214,'',''),(6227,'20170210',214,'',''),(6228,'20170211',214,'',''),(6229,'20170212',214,'',''),(6230,'20170213',214,'',''),(6231,'20170214',214,'',''),(6232,'20170215',214,'',''),(6233,'20170216',214,'',''),(6234,'20170217',214,'',''),(6235,'20170218',214,'',''),(6236,'20170219',214,'',''),(6237,'20170220',214,'',''),(6238,'20170221',214,'',''),(6239,'20170222',214,'',''),(6240,'20170223',214,'',''),(6241,'20170224',214,'',''),(6242,'20170225',214,'',''),(6243,'20170226',214,'',''),(6244,'20170227',214,'',''),(6245,'20170228',214,'',''),(6246,'20170229',214,'',''),(6247,'20170301',214,'',''),(6248,'20170302',214,'',''),(6249,'20170201',22,'',''),(6250,'20170202',22,'',''),(6251,'20170203',22,'',''),(6252,'20170204',22,'',''),(6253,'20170205',22,'',''),(6254,'20170206',22,'',''),(6255,'20170207',22,'',''),(6256,'20170208',22,'',''),(6257,'20170209',22,'',''),(6258,'20170210',22,'',''),(6259,'20170211',22,'',''),(6260,'20170212',22,'',''),(6261,'20170213',22,'',''),(6262,'20170214',22,'',''),(6263,'20170215',22,'',''),(6264,'20170216',22,'',''),(6265,'20170217',22,'',''),(6266,'20170218',22,'',''),(6267,'20170219',22,'',''),(6268,'20170220',22,'',''),(6269,'20170221',22,'',''),(6270,'20170222',22,'',''),(6271,'20170223',22,'',''),(6272,'20170224',22,'',''),(6273,'20170225',22,'',''),(6274,'20170226',22,'',''),(6275,'20170227',22,'',''),(6276,'20170228',22,'',''),(6277,'20170229',22,'',''),(6278,'20170301',22,'',''),(6279,'20170302',22,'',''),(6280,'20170201',24,'',''),(6281,'20170202',24,'',''),(6282,'20170203',24,'',''),(6283,'20170204',24,'',''),(6284,'20170205',24,'',''),(6285,'20170206',24,'',''),(6286,'20170207',24,'',''),(6287,'20170208',24,'',''),(6288,'20170209',24,'',''),(6289,'20170210',24,'',''),(6290,'20170211',24,'',''),(6291,'20170212',24,'',''),(6292,'20170213',24,'',''),(6293,'20170214',24,'',''),(6294,'20170215',24,'',''),(6295,'20170216',24,'',''),(6296,'20170217',24,'',''),(6297,'20170218',24,'',''),(6298,'20170219',24,'',''),(6299,'20170220',24,'',''),(6300,'20170221',24,'',''),(6301,'20170222',24,'',''),(6302,'20170223',24,'',''),(6303,'20170224',24,'',''),(6304,'20170225',24,'',''),(6305,'20170226',24,'',''),(6306,'20170227',24,'',''),(6307,'20170228',24,'',''),(6308,'20170229',24,'',''),(6309,'20170301',24,'',''),(6310,'20170302',24,'',''),(6311,'20170201',26,'06:37','17:30'),(6312,'20170202',26,'07:06','17:30'),(6313,'20170203',26,'06:50','17:32'),(6314,'20170204',26,'06:43','17:30'),(6315,'20170205',26,'06:01','17:30'),(6316,'20170206',26,'',''),(6317,'20170207',26,'',''),(6318,'20170208',26,'',''),(6319,'20170209',26,'07:02','17:30'),(6320,'20170210',26,'07:14','17:30'),(6321,'20170211',26,'06:24','17:30'),(6322,'20170212',26,'06:24','17:30'),(6323,'20170213',26,'',''),(6324,'20170214',26,'',''),(6325,'20170215',26,'',''),(6326,'20170216',26,'06:50','17:30'),(6327,'20170217',26,'08:07','17:31'),(6328,'20170218',26,'06:56','17:30'),(6329,'20170219',26,'07:06','17:30'),(6330,'20170220',26,'',''),(6331,'20170221',26,'',''),(6332,'20170222',26,'06:58','17:30'),(6333,'20170223',26,'06:55','17:42'),(6334,'20170224',26,'07:12','17:30'),(6335,'20170225',26,'',''),(6336,'20170226',26,'07:48','17:31'),(6337,'20170227',26,'',''),(6338,'20170228',26,'',''),(6339,'20170229',26,'06:26','17:30'),(6340,'20170301',26,'',''),(6341,'20170302',26,'',''),(6342,'20170201',3,'','18:02'),(6343,'20170202',3,'','17:58'),(6344,'20170203',3,'','17:36'),(6345,'20170204',3,'','17:41'),(6346,'20170205',3,'','19:00'),(6347,'20170206',3,'',''),(6348,'20170207',3,'',''),(6349,'20170208',3,'',''),(6350,'20170209',3,'',''),(6351,'20170210',3,'',''),(6352,'20170211',3,'','17:56'),(6353,'20170212',3,'',''),(6354,'20170213',3,'',''),(6355,'20170214',3,'',''),(6356,'20170215',3,'',''),(6357,'20170216',3,'','18:01'),(6358,'20170217',3,'07:48','20:02'),(6359,'20170218',3,'','20:07'),(6360,'20170219',3,'','18:07'),(6361,'20170220',3,'',''),(6362,'20170221',3,'',''),(6363,'20170222',3,'08:27','20:33'),(6364,'20170223',3,'','20:04'),(6365,'20170224',3,'','18:11'),(6366,'20170225',3,'','17:52'),(6367,'20170226',3,'','18:07'),(6368,'20170227',3,'',''),(6369,'20170228',3,'',''),(6370,'20170229',3,'','18:49'),(6371,'20170301',3,'',''),(6372,'20170302',3,'',''),(6373,'20170201',37,'','18:58'),(6374,'20170202',37,'','18:58'),(6375,'20170203',37,'','19:17'),(6376,'20170204',37,'11:24','18:54'),(6377,'20170205',37,'','19:06'),(6378,'20170206',37,'',''),(6379,'20170207',37,'',''),(6380,'20170208',37,'',''),(6381,'20170209',37,'','19:56'),(6382,'20170210',37,'','17:38'),(6383,'20170211',37,'','18:31'),(6384,'20170212',37,'11:56','19:00'),(6385,'20170213',37,'',''),(6386,'20170214',37,'',''),(6387,'20170215',37,'','17:35'),(6388,'20170216',37,'','17:39'),(6389,'20170217',37,'','17:39'),(6390,'20170218',37,'','19:32'),(6391,'20170219',37,'','18:17'),(6392,'20170220',37,'',''),(6393,'20170221',37,'',''),(6394,'20170222',37,'','18:35'),(6395,'20170223',37,'','18:26'),(6396,'20170224',37,'','18:21'),(6397,'20170225',37,'','18:29'),(6398,'20170226',37,'','18:35'),(6399,'20170227',37,'',''),(6400,'20170228',37,'',''),(6401,'20170229',37,'','17:43'),(6402,'20170301',37,'',''),(6403,'20170302',37,'',''),(6404,'20170201',38,'',''),(6405,'20170202',38,'','17:38'),(6406,'20170203',38,'','17:30'),(6407,'20170204',38,'',''),(6408,'20170205',38,'','17:31'),(6409,'20170206',38,'',''),(6410,'20170207',38,'',''),(6411,'20170208',38,'',''),(6412,'20170209',38,'',''),(6413,'20170210',38,'09:18','17:30'),(6414,'20170211',38,'',''),(6415,'20170212',38,'09:00','18:42'),(6416,'20170213',38,'',''),(6417,'20170214',38,'',''),(6418,'20170215',38,'08:35','17:40'),(6419,'20170216',38,'08:34','17:34'),(6420,'20170217',38,'08:35','18:51'),(6421,'20170218',38,'','17:36'),(6422,'20170219',38,'08:44','19:07'),(6423,'20170220',38,'',''),(6424,'20170221',38,'',''),(6425,'20170222',38,'','17:59'),(6426,'20170223',38,'','17:47'),(6427,'20170224',38,'','17:52'),(6428,'20170225',38,'','19:07'),(6429,'20170226',38,'','18:38'),(6430,'20170227',38,'',''),(6431,'20170228',38,'',''),(6432,'20170229',38,'10:50','18:37'),(6433,'20170301',38,'',''),(6434,'20170302',38,'',''),(6435,'20170201',4,'',''),(6436,'20170202',4,'',''),(6437,'20170203',4,'',''),(6438,'20170204',4,'',''),(6439,'20170205',4,'',''),(6440,'20170206',4,'',''),(6441,'20170207',4,'',''),(6442,'20170208',4,'',''),(6443,'20170209',4,'',''),(6444,'20170210',4,'',''),(6445,'20170211',4,'',''),(6446,'20170212',4,'',''),(6447,'20170213',4,'',''),(6448,'20170214',4,'',''),(6449,'20170215',4,'',''),(6450,'20170216',4,'',''),(6451,'20170217',4,'',''),(6452,'20170218',4,'',''),(6453,'20170219',4,'',''),(6454,'20170220',4,'',''),(6455,'20170221',4,'',''),(6456,'20170222',4,'',''),(6457,'20170223',4,'',''),(6458,'20170224',4,'',''),(6459,'20170225',4,'',''),(6460,'20170226',4,'',''),(6461,'20170227',4,'',''),(6462,'20170228',4,'',''),(6463,'20170229',4,'',''),(6464,'20170301',4,'',''),(6465,'20170302',4,'',''),(6466,'20170201',5,'',''),(6467,'20170202',5,'',''),(6468,'20170203',5,'',''),(6469,'20170204',5,'',''),(6470,'20170205',5,'',''),(6471,'20170206',5,'',''),(6472,'20170207',5,'',''),(6473,'20170208',5,'',''),(6474,'20170209',5,'',''),(6475,'20170210',5,'',''),(6476,'20170211',5,'',''),(6477,'20170212',5,'',''),(6478,'20170213',5,'',''),(6479,'20170214',5,'',''),(6480,'20170215',5,'',''),(6481,'20170216',5,'',''),(6482,'20170217',5,'',''),(6483,'20170218',5,'',''),(6484,'20170219',5,'',''),(6485,'20170220',5,'',''),(6486,'20170221',5,'',''),(6487,'20170222',5,'',''),(6488,'20170223',5,'',''),(6489,'20170224',5,'',''),(6490,'20170225',5,'',''),(6491,'20170226',5,'',''),(6492,'20170227',5,'',''),(6493,'20170228',5,'',''),(6494,'20170229',5,'',''),(6495,'20170301',5,'',''),(6496,'20170302',5,'',''),(6497,'20170201',6,'08:23','18:02'),(6498,'20170202',6,'08:22','18:09'),(6499,'20170203',6,'08:18','18:10'),(6500,'20170204',6,'',''),(6501,'20170205',6,'08:17','18:36'),(6502,'20170206',6,'',''),(6503,'20170207',6,'',''),(6504,'20170208',6,'',''),(6505,'20170209',6,'',''),(6506,'20170210',6,'',''),(6507,'20170211',6,'08:26','18:28'),(6508,'20170212',6,'',''),(6509,'20170213',6,'',''),(6510,'20170214',6,'',''),(6511,'20170215',6,'',''),(6512,'20170216',6,'08:05',''),(6513,'20170217',6,'08:21','17:59'),(6514,'20170218',6,'08:22','17:55'),(6515,'20170219',6,'08:14',''),(6516,'20170220',6,'',''),(6517,'20170221',6,'',''),(6518,'20170222',6,'08:14','17:49'),(6519,'20170223',6,'08:17','18:20'),(6520,'20170224',6,'08:12',''),(6521,'20170225',6,'',''),(6522,'20170226',6,'',''),(6523,'20170227',6,'',''),(6524,'20170228',6,'',''),(6525,'20170229',6,'08:20',''),(6526,'20170301',6,'',''),(6527,'20170302',6,'',''),(6528,'20170201',7,'','19:03'),(6529,'20170202',7,'',''),(6530,'20170203',7,'','19:43'),(6531,'20170204',7,'',''),(6532,'20170205',7,'','23:15'),(6533,'20170206',7,'',''),(6534,'20170207',7,'',''),(6535,'20170208',7,'',''),(6536,'20170209',7,'','18:44'),(6537,'20170210',7,'','17:48'),(6538,'20170211',7,'',''),(6539,'20170212',7,'','17:58'),(6540,'20170213',7,'',''),(6541,'20170214',7,'',''),(6542,'20170215',7,'','17:53'),(6543,'20170216',7,'','18:54'),(6544,'20170217',7,'',''),(6545,'20170218',7,'','17:55'),(6546,'20170219',7,'','19:17'),(6547,'20170220',7,'',''),(6548,'20170221',7,'',''),(6549,'20170222',7,'',''),(6550,'20170223',7,'','18:50'),(6551,'20170224',7,'','18:58'),(6552,'20170225',7,'',''),(6553,'20170226',7,'','18:59'),(6554,'20170227',7,'',''),(6555,'20170228',7,'',''),(6556,'20170229',7,'','21:00'),(6557,'20170301',7,'',''),(6558,'20170302',7,'',''),(6559,'20170201',8,'',''),(6560,'20170202',8,'',''),(6561,'20170203',8,'',''),(6562,'20170204',8,'',''),(6563,'20170205',8,'',''),(6564,'20170206',8,'',''),(6565,'20170207',8,'',''),(6566,'20170208',8,'',''),(6567,'20170209',8,'',''),(6568,'20170210',8,'',''),(6569,'20170211',8,'',''),(6570,'20170212',8,'',''),(6571,'20170213',8,'',''),(6572,'20170214',8,'',''),(6573,'20170215',8,'',''),(6574,'20170216',8,'',''),(6575,'20170217',8,'',''),(6576,'20170218',8,'',''),(6577,'20170219',8,'',''),(6578,'20170220',8,'',''),(6579,'20170221',8,'',''),(6580,'20170222',8,'',''),(6581,'20170223',8,'',''),(6582,'20170224',8,'',''),(6583,'20170225',8,'',''),(6584,'20170226',8,'',''),(6585,'20170227',8,'',''),(6586,'20170228',8,'',''),(6587,'20170229',8,'',''),(6588,'20170301',8,'',''),(6589,'20170302',8,'',''),(6590,'20170201',9,'',''),(6591,'20170202',9,'',''),(6592,'20170203',9,'',''),(6593,'20170204',9,'',''),(6594,'20170205',9,'',''),(6595,'20170206',9,'',''),(6596,'20170207',9,'',''),(6597,'20170208',9,'',''),(6598,'20170209',9,'',''),(6599,'20170210',9,'',''),(6600,'20170211',9,'',''),(6601,'20170212',9,'',''),(6602,'20170213',9,'',''),(6603,'20170214',9,'',''),(6604,'20170215',9,'',''),(6605,'20170216',9,'',''),(6606,'20170217',9,'',''),(6607,'20170218',9,'',''),(6608,'20170219',9,'',''),(6609,'20170220',9,'',''),(6610,'20170221',9,'',''),(6611,'20170222',9,'',''),(6612,'20170223',9,'',''),(6613,'20170224',9,'',''),(6614,'20170225',9,'',''),(6615,'20170226',9,'',''),(6616,'20170227',9,'',''),(6617,'20170228',9,'',''),(6618,'20170229',9,'',''),(6619,'20170301',9,'',''),(6620,'20170302',9,'',''),(6621,'20170201',91,'','18:58'),(6622,'20170202',91,'11:55','18:22'),(6623,'20170203',91,'12:21','17:30'),(6624,'20170204',91,'12:09',''),(6625,'20170205',91,'','19:06'),(6626,'20170206',91,'',''),(6627,'20170207',91,'',''),(6628,'20170208',91,'',''),(6629,'20170209',91,'','19:56'),(6630,'20170210',91,'','19:24'),(6631,'20170211',91,'12:19','18:10'),(6632,'20170212',91,'11:27','19:00'),(6633,'20170213',91,'',''),(6634,'20170214',91,'',''),(6635,'20170215',91,'10:17','17:41'),(6636,'20170216',91,'11:54','18:27'),(6637,'20170217',91,'',''),(6638,'20170218',91,'','17:45'),(6639,'20170219',91,'12:04','18:29'),(6640,'20170220',91,'',''),(6641,'20170221',91,'',''),(6642,'20170222',91,'','20:32'),(6643,'20170223',91,'11:21','18:26'),(6644,'20170224',91,'','18:21'),(6645,'20170225',91,'09:00','19:10'),(6646,'20170226',91,'08:43','18:35'),(6647,'20170227',91,'',''),(6648,'20170228',91,'',''),(6649,'20170229',91,'',''),(6650,'20170301',91,'',''),(6651,'20170302',91,'','');
/*!40000 ALTER TABLE `kehadiran` ENABLE KEYS */;
UNLOCK TABLES;
/*!40103 SET TIME_ZONE=@OLD_TIME_ZONE */;

/*!40101 SET SQL_MODE=@OLD_SQL_MODE */;
/*!40014 SET FOREIGN_KEY_CHECKS=@OLD_FOREIGN_KEY_CHECKS */;
/*!40014 SET UNIQUE_CHECKS=@OLD_UNIQUE_CHECKS */;
/*!40101 SET CHARACTER_SET_CLIENT=@OLD_CHARACTER_SET_CLIENT */;
/*!40101 SET CHARACTER_SET_RESULTS=@OLD_CHARACTER_SET_RESULTS */;
/*!40101 SET COLLATION_CONNECTION=@OLD_COLLATION_CONNECTION */;
/*!40111 SET SQL_NOTES=@OLD_SQL_NOTES */;

-- Dump completed on 2017-07-14 16:14:25
